id,order_id,customer_id,customer_segment,amount_inr,payment_method,bank,is_high_value,status,latency_ms,failure_code,failure_reason,is_soft_failure,retry_count
pay_42_00000,order_42_00000,cust_67656,New,2344.76,UPI,Bank A,False,captured,722.1,,,False,0
pay_42_00001,order_42_00001,cust_56546,New,1505.69,Wallets,Bank B,False,captured,838.6,,,False,0
pay_42_00002,order_42_00002,cust_28157,VIP,3540.51,Cards,Bank C,False,captured,1799.7,,,False,0
pay_42_00003,order_42_00003,cust_45932,New,207.27,UPI,Bank C,False,captured,691.7,,,False,0
pay_42_00004,order_42_00004,cust_25540,New,2729.69,UPI,Bank C,False,failed,779.5,GATEWAY_TIMEOUT,Payment gateway response timed out after 5000ms,True,0
pay_42_00005,order_42_00005,cust_51203,Returning,1054.95,UPI,Bank C,False,captured,959.1,,,False,0
pay_42_00006,order_42_00006,cust_52832,New,561.56,UPI,Bank C,False,captured,654.3,,,False,0
pay_42_00007,order_42_00007,cust_93384,Returning,937.66,NetBanking,Bank C,False,failed,2078.5,GATEWAY_TIMEOUT,Payment gateway response timed out after 5000ms,True,0
pay_42_00008,order_42_00008,cust_55875,New,137.52,Cards,Bank A,False,captured,2235.3,,,False,0
pay_42_00009,order_42_00009,cust_15867,Returning,1222.5,Cards,Bank B,False,captured,2342.2,,,False,0
pay_42_00010,order_42_00010,cust_84229,New,290.22,UPI,Bank A,False,captured,632.3,,,False,0
pay_42_00011,order_42_00011,cust_20310,New,210.05,Wallets,Bank D,False,captured,835.4,,,False,0
pay_42_00012,order_42_00012,cust_92839,VIP,389.98,Cards,Bank D,False,captured,2098.8,,,False,0
pay_42_00013,order_42_00013,cust_18947,New,2471.77,UPI,Bank A,False,captured,838.2,,,False,0
pay_42_00014,order_42_00014,cust_58785,Returning,433.0,UPI,Bank C,False,captured,818.6,,,False,0
pay_42_00015,order_42_00015,cust_76972,New,3765.85,UPI,Bank D,False,captured,681.2,,,False,0
pay_42_00016,order_42_00016,cust_40979,New,475.42,UPI,Bank A,False,captured,788.9,,,False,0
pay_42_00017,order_42_00017,cust_62774,Returning,147.33,UPI,Bank B,False,captured,788.7,,,False,0
pay_42_00018,order_42_00018,cust_17370,New,265.99,UPI,Bank D,False,captured,980.4,,,False,0
pay_42_00019,order_42_00019,cust_81947,Returning,2795.63,UPI,Bank A,False,captured,847.6,,,False,0
pay_42_00020,order_42_00020,cust_83984,VIP,1529.29,Cards,Bank C,False,captured,1947.4,,,False,0
pay_42_00021,order_42_00021,cust_85609,Returning,469.52,UPI,Bank A,False,captured,885.5,,,False,0
pay_42_00022,order_42_00022,cust_50696,VIP,2097.45,UPI,Bank D,False,captured,865.4,,,False,0
pay_42_00023,order_42_00023,cust_16089,New,1341.82,UPI,Bank D,False,captured,420.2,,,False,0
pay_42_00024,order_42_00024,cust_32195,New,2483.44,UPI,Bank D,False,captured,698.8,,,False,0
pay_42_00025,order_42_00025,cust_26555,New,3458.19,Cards,Bank B,False,captured,1679.1,,,False,0
pay_42_00026,order_42_00026,cust_36347,Returning,566.93,UPI,Bank C,False,captured,819.7,,,False,0
pay_42_00027,order_42_00027,cust_59056,VIP,474.57,UPI,Bank C,False,captured,711.6,,,False,0
pay_42_00028,order_42_00028,cust_51850,New,537.29,UPI,Bank A,False,captured,736.1,,,False,0
pay_42_00029,order_42_00029,cust_72320,Returning,1053.93,UPI,Bank C,False,captured,870.7,,,False,0
pay_42_00030,order_42_00030,cust_71822,New,309.9,Cards,Bank A,False,captured,1570.4,,,False,0
pay_42_00031,order_42_00031,cust_62248,Returning,311.95,UPI,Bank B,False,captured,800.9,,,False,0
pay_42_00032,order_42_00032,cust_97902,Returning,1145.72,UPI,Bank A,False,captured,754.5,,,False,0
pay_42_00033,order_42_00033,cust_85163,VIP,1702.42,NetBanking,Bank A,False,captured,3182.9,,,False,0
pay_42_00034,order_42_00034,cust_82095,Returning,839.49,Wallets,Bank A,False,captured,858.0,,,False,0
pay_42_00035,order_42_00035,cust_97593,New,380.51,Cards,Bank C,False,captured,1787.8,,,False,0
pay_42_00036,order_42_00036,cust_10924,New,645.23,UPI,Bank A,False,captured,918.7,,,False,0
pay_42_00037,order_42_00037,cust_81042,New,322.39,UPI,Bank C,False,captured,723.8,,,False,0
pay_42_00038,order_42_00038,cust_21781,New,1978.71,Cards,Bank A,False,captured,1644.8,,,False,0
pay_42_00039,order_42_00039,cust_46133,New,2287.58,UPI,Bank A,False,captured,717.8,,,False,0
pay_42_00040,order_42_00040,cust_30470,Returning,128.23,UPI,Bank B,False,captured,360.6,,,False,0
pay_42_00041,order_42_00041,cust_47038,Returning,320.69,UPI,Bank C,False,captured,1107.9,,,False,0
pay_42_00042,order_42_00042,cust_67174,Returning,181.9,UPI,Bank A,False,captured,690.8,,,False,0
pay_42_00043,order_42_00043,cust_70610,New,424.1,NetBanking,Bank B,False,captured,3204.7,,,False,0
pay_42_00044,order_42_00044,cust_92936,Returning,747.37,UPI,Bank C,False,captured,823.5,,,False,0
pay_42_00045,order_42_00045,cust_51798,Returning,190.63,Cards,Bank B,False,captured,2107.1,,,False,0
pay_42_00046,order_42_00046,cust_85242,New,323.16,UPI,Bank A,False,captured,1115.6,,,False,0
pay_42_00047,order_42_00047,cust_62151,Returning,297.69,UPI,Bank A,False,captured,889.5,,,False,0
pay_42_00048,order_42_00048,cust_36299,Returning,999.51,UPI,Bank C,False,captured,907.0,,,False,0
pay_42_00049,order_42_00049,cust_40063,New,870.74,UPI,Bank A,False,captured,788.1,,,False,0
pay_42_00050,order_42_00050,cust_89854,Returning,394.75,Wallets,Bank C,False,captured,733.8,,,False,0
pay_42_00051,order_42_00051,cust_37672,Returning,969.54,Cards,Bank B,False,captured,1949.8,,,False,0
pay_42_00052,order_42_00052,cust_37281,New,470.28,NetBanking,Bank D,False,captured,3033.1,,,False,0
pay_42_00053,order_42_00053,cust_60494,VIP,1362.13,NetBanking,Bank C,False,captured,2693.9,,,False,0
pay_42_00054,order_42_00054,cust_96126,Returning,4330.56,UPI,Bank D,False,captured,973.0,,,False,0
pay_42_00055,order_42_00055,cust_90863,Returning,3104.04,NetBanking,Bank B,False,captured,3893.2,,,False,0
pay_42_00056,order_42_00056,cust_42230,Returning,221.5,UPI,Bank C,False,captured,816.6,,,False,0
pay_42_00057,order_42_00057,cust_78876,New,1862.61,UPI,Bank B,False,captured,876.1,,,False,0
pay_42_00058,order_42_00058,cust_79806,Returning,1828.77,UPI,Bank B,False,captured,610.8,,,False,0
pay_42_00059,order_42_00059,cust_59646,Returning,257.68,UPI,Bank B,False,captured,876.1,,,False,0
pay_42_00060,order_42_00060,cust_31650,New,1842.31,UPI,Bank C,False,captured,1101.6,,,False,0
pay_42_00061,order_42_00061,cust_49661,Returning,3781.71,UPI,Bank D,False,failed,651.4,GATEWAY_TIMEOUT,Payment gateway response timed out after 5000ms,True,0
pay_42_00062,order_42_00062,cust_16869,Returning,264.4,Cards,Bank C,False,captured,2492.1,,,False,0
pay_42_00063,order_42_00063,cust_54306,Returning,324.57,UPI,Bank B,False,captured,773.2,,,False,0
pay_42_00064,order_42_00064,cust_93232,New,2247.7,UPI,Bank B,False,captured,983.1,,,False,0
pay_42_00065,order_42_00065,cust_55747,Returning,1065.82,UPI,Bank C,False,captured,668.5,,,False,0
pay_42_00066,order_42_00066,cust_29023,New,1410.19,UPI,Bank A,False,captured,680.7,,,False,0
pay_42_00067,order_42_00067,cust_91533,New,1142.06,Cards,Bank A,False,captured,1927.3,,,False,0
pay_42_00068,order_42_00068,cust_55039,New,1200.74,UPI,Bank B,False,captured,823.6,,,False,0
pay_42_00069,order_42_00069,cust_18876,New,215.62,Wallets,Bank A,False,captured,901.1,,,False,0
pay_42_00070,order_42_00070,cust_41658,Returning,2315.35,Cards,Bank A,False,captured,1625.5,,,False,0
pay_42_00071,order_42_00071,cust_11375,Returning,2616.49,UPI,Bank A,False,captured,623.9,,,False,0
pay_42_00072,order_42_00072,cust_95216,New,645.88,UPI,Bank A,False,captured,971.4,,,False,0
pay_42_00073,order_42_00073,cust_31398,Returning,777.84,Cards,Bank A,False,captured,1280.2,,,False,0
pay_42_00074,order_42_00074,cust_72766,Returning,175.72,Cards,Bank D,False,captured,1481.0,,,False,0
pay_42_00075,order_42_00075,cust_27065,Returning,1358.66,Cards,Bank B,False,captured,1585.7,,,False,0
pay_42_00076,order_42_00076,cust_39320,New,1439.51,Cards,Bank B,False,captured,1621.4,,,False,0
pay_42_00077,order_42_00077,cust_91720,Returning,763.42,UPI,Bank C,False,captured,794.7,,,False,0
pay_42_00078,order_42_00078,cust_89436,VIP,5501.69,UPI,Bank A,False,captured,898.5,,,False,0
pay_42_00079,order_42_00079,cust_71075,Returning,581.68,UPI,Bank D,False,captured,924.2,,,False,0
pay_42_00080,order_42_00080,cust_33464,New,1428.82,NetBanking,Bank C,False,captured,2934.3,,,False,0
pay_42_00081,order_42_00081,cust_71497,New,293.05,Cards,Bank A,False,captured,1329.6,,,False,0
pay_42_00082,order_42_00082,cust_94517,Returning,793.5,UPI,Bank B,False,captured,799.7,,,False,0
pay_42_00083,order_42_00083,cust_93597,VIP,1501.32,UPI,Bank C,False,captured,765.8,,,False,0
pay_42_00084,order_42_00084,cust_69251,Returning,1017.71,UPI,Bank D,False,captured,699.3,,,False,0
pay_42_00085,order_42_00085,cust_73212,Returning,561.42,UPI,Bank B,False,captured,816.9,,,False,0
pay_42_00086,order_42_00086,cust_71360,New,712.32,Cards,Bank B,False,captured,2025.1,,,False,0
pay_42_00087,order_42_00087,cust_95473,Returning,1855.76,Cards,Bank A,False,captured,1409.6,,,False,0
pay_42_00088,order_42_00088,cust_80354,Returning,524.91,NetBanking,Bank D,False,captured,3312.2,,,False,0
pay_42_00089,order_42_00089,cust_17349,New,162.95,UPI,Bank A,False,captured,935.6,,,False,0
pay_42_00090,order_42_00090,cust_93791,Returning,4673.13,UPI,Bank D,False,captured,821.7,,,False,0
pay_42_00091,order_42_00091,cust_11462,VIP,7114.65,Cards,Bank B,False,captured,2048.0,,,False,0
pay_42_00092,order_42_00092,cust_81289,New,223.13,Cards,Bank B,False,captured,1463.7,,,False,0
pay_42_00093,order_42_00093,cust_16191,Returning,1619.23,UPI,Bank B,False,captured,497.2,,,False,0
pay_42_00094,order_42_00094,cust_33283,New,491.29,Cards,Bank A,False,captured,1968.1,,,False,0
pay_42_00095,order_42_00095,cust_69123,Returning,1057.31,UPI,Bank A,False,captured,678.4,,,False,0
pay_42_00096,order_42_00096,cust_76727,Returning,1090.32,UPI,Bank A,False,captured,984.8,,,False,0
pay_42_00097,order_42_00097,cust_56216,Returning,642.64,UPI,Bank A,False,captured,553.9,,,False,0
pay_42_00098,order_42_00098,cust_16008,Returning,371.01,UPI,Bank C,False,captured,645.6,,,False,0
pay_42_00099,order_42_00099,cust_13332,New,407.26,UPI,Bank B,False,captured,663.7,,,False,0
pay_42_00100,order_42_00100,cust_45340,VIP,714.99,UPI,Bank A,False,captured,1085.5,,,False,0
pay_42_00101,order_42_00101,cust_83324,Returning,353.6,Cards,Bank D,False,captured,2026.2,,,False,0
pay_42_00102,order_42_00102,cust_55246,New,759.62,UPI,Bank C,False,captured,654.0,,,False,0
pay_42_00103,order_42_00103,cust_80152,Returning,397.12,UPI,Bank D,False,captured,951.1,,,False,0
pay_42_00104,order_42_00104,cust_66827,Returning,1606.88,NetBanking,Bank D,False,captured,3003.6,,,False,0
pay_42_00105,order_42_00105,cust_42966,New,3594.81,UPI,Bank A,False,captured,595.6,,,False,0
pay_42_00106,order_42_00106,cust_69199,Returning,454.84,UPI,Bank B,False,captured,679.0,,,False,0
pay_42_00107,order_42_00107,cust_27558,VIP,2270.74,Cards,Bank C,False,captured,1292.2,,,False,0
pay_42_00108,order_42_00108,cust_27118,New,1339.01,UPI,Bank C,False,captured,568.9,,,False,0
pay_42_00109,order_42_00109,cust_17601,VIP,2865.39,UPI,Bank A,False,captured,590.9,,,False,0
pay_42_00110,order_42_00110,cust_13084,New,876.52,UPI,Bank C,False,captured,739.8,,,False,0
pay_42_00111,order_42_00111,cust_10731,New,1707.32,UPI,Bank A,False,captured,776.8,,,False,0
pay_42_00112,order_42_00112,cust_39265,New,1315.86,NetBanking,Bank A,False,captured,3211.1,,,False,0
pay_42_00113,order_42_00113,cust_25187,Returning,235.65,Cards,Bank B,False,captured,1361.7,,,False,0
pay_42_00114,order_42_00114,cust_10893,Returning,1937.5,Cards,Bank B,False,captured,1549.7,,,False,0
pay_42_00115,order_42_00115,cust_14239,New,1972.96,NetBanking,Bank B,False,captured,3582.0,,,False,0
pay_42_00116,order_42_00116,cust_11515,New,378.69,Cards,Bank A,False,captured,1939.4,,,False,0
pay_42_00117,order_42_00117,cust_24605,Returning,843.82,UPI,Bank C,False,captured,866.9,,,False,0
pay_42_00118,order_42_00118,cust_97029,New,1608.94,NetBanking,Bank A,False,captured,2445.9,,,False,0
pay_42_00119,order_42_00119,cust_30039,Returning,658.98,UPI,Bank A,False,captured,626.5,,,False,0
pay_42_00120,order_42_00120,cust_38350,Returning,2375.54,Cards,Bank C,False,captured,1854.5,,,False,0
pay_42_00121,order_42_00121,cust_43798,Returning,8637.53,NetBanking,Bank D,False,captured,2820.5,,,False,0
pay_42_00122,order_42_00122,cust_75431,VIP,814.42,UPI,Bank C,False,captured,861.2,,,False,0
pay_42_00123,order_42_00123,cust_73772,New,204.17,UPI,Bank C,False,captured,882.6,,,False,0
pay_42_00124,order_42_00124,cust_86106,VIP,2421.82,UPI,Bank C,False,captured,740.9,,,False,0
pay_42_00125,order_42_00125,cust_91010,Returning,1671.64,UPI,Bank B,False,captured,777.2,,,False,0
pay_42_00126,order_42_00126,cust_64460,Returning,644.92,Cards,Bank A,False,captured,1682.3,,,False,0
pay_42_00127,order_42_00127,cust_31045,New,3474.69,NetBanking,Bank B,False,captured,3112.8,,,False,0
pay_42_00128,order_42_00128,cust_52771,Returning,213.02,UPI,Bank B,False,captured,980.5,,,False,0
pay_42_00129,order_42_00129,cust_62949,New,1624.44,UPI,Bank A,False,captured,916.3,,,False,0
pay_42_00130,order_42_00130,cust_54066,New,443.25,UPI,Bank C,False,captured,954.4,,,False,0
pay_42_00131,order_42_00131,cust_30213,New,4534.08,UPI,Bank B,False,captured,930.8,,,False,0
pay_42_00132,order_42_00132,cust_10463,Returning,5958.15,UPI,Bank A,False,captured,919.1,,,False,0
pay_42_00133,order_42_00133,cust_30651,Returning,377.41,UPI,Bank A,False,captured,736.1,,,False,0
pay_42_00134,order_42_00134,cust_84417,Returning,468.93,NetBanking,Bank C,False,captured,3452.4,,,False,0
pay_42_00135,order_42_00135,cust_44980,Returning,1919.05,UPI,Bank A,False,captured,727.9,,,False,0
pay_42_00136,order_42_00136,cust_27796,New,551.63,UPI,Bank C,False,captured,1172.8,,,False,0
pay_42_00137,order_42_00137,cust_18802,Returning,776.34,Cards,Bank B,False,failed,1879.4,INSUFFICIENT_FUNDS,Customer account has insufficient funds,False,0
pay_42_00138,order_42_00138,cust_39086,New,833.3,UPI,Bank B,False,captured,871.0,,,False,0
pay_42_00139,order_42_00139,cust_62091,Returning,119.14,Wallets,Bank B,False,captured,1068.7,,,False,0
pay_42_00140,order_42_00140,cust_80990,Returning,801.24,Wallets,Bank C,False,captured,797.1,,,False,0
pay_42_00141,order_42_00141,cust_25386,Returning,407.59,UPI,Bank A,False,captured,849.9,,,False,0
pay_42_00142,order_42_00142,cust_63634,Returning,496.15,UPI,Bank C,False,captured,959.8,,,False,0
pay_42_00143,order_42_00143,cust_96988,New,3441.39,UPI,Bank B,False,captured,1017.9,,,False,0
pay_42_00144,order_42_00144,cust_20143,Returning,231.25,UPI,Bank A,False,captured,949.5,,,False,0
pay_42_00145,order_42_00145,cust_98844,Returning,1832.08,UPI,Bank C,False,failed,690.6,INSUFFICIENT_FUNDS,Customer account has insufficient funds,False,0
pay_42_00146,order_42_00146,cust_35464,Returning,614.64,Cards,Bank C,False,captured,1781.7,,,False,0
pay_42_00147,order_42_00147,cust_52065,New,614.15,UPI,Bank C,False,captured,833.2,,,False,0
pay_42_00148,order_42_00148,cust_37388,Returning,1790.72,UPI,Bank C,False,captured,951.9,,,False,0
pay_42_00149,order_42_00149,cust_93981,Returning,1141.45,UPI,Bank C,False,captured,776.3,,,False,0
pay_42_00150,order_42_00150,cust_74604,New,1437.43,NetBanking,Bank C,False,captured,3307.4,,,False,0
pay_42_00151,order_42_00151,cust_25804,New,2139.19,UPI,Bank C,False,captured,715.7,,,False,0
pay_42_00152,order_42_00152,cust_29065,Returning,583.29,UPI,Bank C,False,captured,706.7,,,False,0
pay_42_00153,order_42_00153,cust_19130,Returning,440.44,UPI,Bank C,False,captured,887.4,,,False,0
pay_42_00154,order_42_00154,cust_16054,New,274.47,Wallets,Bank B,False,captured,602.0,,,False,0
pay_42_00155,order_42_00155,cust_58517,New,355.88,UPI,Bank C,False,captured,757.2,,,False,0
pay_42_00156,order_42_00156,cust_77087,New,15507.74,Cards,Bank A,True,captured,2057.6,,,False,0
pay_42_00157,order_42_00157,cust_89335,New,2820.53,Cards,Bank C,False,captured,1659.6,,,False,0
pay_42_00158,order_42_00158,cust_99962,Returning,210.38,UPI,Bank C,False,captured,969.7,,,False,0
pay_42_00159,order_42_00159,cust_41551,Returning,216.49,Cards,Bank A,False,captured,1780.0,,,False,0
pay_42_00160,order_42_00160,cust_53258,Returning,1315.36,UPI,Bank C,False,captured,924.1,,,False,0
pay_42_00161,order_42_00161,cust_36950,Returning,1404.26,Cards,Bank A,False,captured,1631.6,,,False,0
pay_42_00162,order_42_00162,cust_21523,New,1406.53,Cards,Bank A,False,captured,1764.0,,,False,0
pay_42_00163,order_42_00163,cust_33834,Returning,629.57,UPI,Bank C,False,captured,911.1,,,False,0
pay_42_00164,order_42_00164,cust_43896,Returning,716.62,UPI,Bank A,False,captured,1014.3,,,False,0
pay_42_00165,order_42_00165,cust_38229,VIP,2480.8,Cards,Bank C,False,captured,1357.8,,,False,0
pay_42_00166,order_42_00166,cust_14567,Returning,885.27,UPI,Bank C,False,captured,761.3,,,False,0
pay_42_00167,order_42_00167,cust_87239,New,88.3,UPI,Bank B,False,captured,743.3,,,False,0
pay_42_00168,order_42_00168,cust_92214,Returning,645.61,UPI,Bank A,False,captured,713.9,,,False,0
pay_42_00169,order_42_00169,cust_56032,New,346.75,UPI,Bank A,False,captured,964.0,,,False,0
pay_42_00170,order_42_00170,cust_89465,Returning,967.98,Cards,Bank B,False,captured,1883.2,,,False,0
pay_42_00171,order_42_00171,cust_47333,New,16078.83,UPI,Bank D,True,captured,796.7,,,False,0
pay_42_00172,order_42_00172,cust_41601,New,1173.19,UPI,Bank B,False,captured,850.5,,,False,0
pay_42_00173,order_42_00173,cust_62116,Returning,593.76,UPI,Bank A,False,captured,836.9,,,False,0
pay_42_00174,order_42_00174,cust_17465,New,2042.24,Cards,Bank B,False,captured,2141.7,,,False,0
pay_42_00175,order_42_00175,cust_95119,Returning,1316.44,UPI,Bank B,False,captured,816.5,,,False,0
pay_42_00176,order_42_00176,cust_42574,New,1236.57,Cards,Bank C,False,captured,1834.7,,,False,0
pay_42_00177,order_42_00177,cust_83531,Returning,1490.48,UPI,Bank A,False,captured,632.5,,,False,0
pay_42_00178,order_42_00178,cust_28557,Returning,6352.12,NetBanking,Bank C,False,captured,2284.4,,,False,0
pay_42_00179,order_42_00179,cust_82104,Returning,262.2,UPI,Bank B,False,captured,615.7,,,False,0
pay_42_00180,order_42_00180,cust_37025,New,1304.57,UPI,Bank D,False,captured,983.8,,,False,0
pay_42_00181,order_42_00181,cust_14368,New,321.7,UPI,Bank A,False,captured,820.0,,,False,0
pay_42_00182,order_42_00182,cust_33991,New,1415.89,NetBanking,Bank B,False,captured,3762.8,,,False,0
pay_42_00183,order_42_00183,cust_91463,New,324.18,NetBanking,Bank D,False,captured,2600.4,,,False,0
pay_42_00184,order_42_00184,cust_28300,Returning,535.2,UPI,Bank A,False,captured,655.9,,,False,0
pay_42_00185,order_42_00185,cust_70892,VIP,1330.58,Cards,Bank D,False,captured,1441.0,,,False,0
pay_42_00186,order_42_00186,cust_42634,Returning,2155.58,Cards,Bank C,False,captured,2312.9,,,False,0
pay_42_00187,order_42_00187,cust_73143,Returning,2035.41,UPI,Bank A,False,captured,774.7,,,False,0
pay_42_00188,order_42_00188,cust_42016,Returning,233.76,UPI,Bank A,False,captured,751.7,,,False,0
pay_42_00189,order_42_00189,cust_43302,Returning,858.28,UPI,Bank C,False,captured,763.9,,,False,0
pay_42_00190,order_42_00190,cust_49725,New,399.58,UPI,Bank A,False,captured,808.0,,,False,0
pay_42_00191,order_42_00191,cust_88863,VIP,507.73,NetBanking,Bank B,False,failed,3321.5,GATEWAY_TIMEOUT,Payment gateway response timed out after 5000ms,True,0
pay_42_00192,order_42_00192,cust_34700,Returning,653.92,NetBanking,Bank A,False,captured,3444.1,,,False,0
pay_42_00193,order_42_00193,cust_86427,Returning,596.76,Cards,Bank B,False,captured,1539.6,,,False,0
pay_42_00194,order_42_00194,cust_59589,New,9197.77,UPI,Bank A,False,captured,898.2,,,False,0
pay_42_00195,order_42_00195,cust_45897,New,1252.58,UPI,Bank C,False,captured,921.6,,,False,0
pay_42_00196,order_42_00196,cust_80934,Returning,204.87,Cards,Bank D,False,captured,1733.8,,,False,0
pay_42_00197,order_42_00197,cust_92987,Returning,461.84,NetBanking,Bank D,False,failed,2828.9,GATEWAY_TIMEOUT,Payment gateway response timed out after 5000ms,True,0
pay_42_00198,order_42_00198,cust_89737,Returning,2256.08,NetBanking,Bank C,False,captured,3598.5,,,False,0
pay_42_00199,order_42_00199,cust_18997,New,6558.01,Cards,Bank A,False,captured,1935.2,,,False,0
pay_42_00200,order_42_00200,cust_69470,VIP,365.94,Cards,Bank C,False,captured,2194.4,,,False,0
pay_42_00201,order_42_00201,cust_73656,New,123.97,UPI,Bank A,False,captured,715.2,,,False,0
pay_42_00202,order_42_00202,cust_53601,New,5276.22,UPI,Bank A,False,captured,1049.4,,,False,0
pay_42_00203,order_42_00203,cust_59768,New,1199.44,NetBanking,Bank A,False,captured,3305.3,,,False,0
pay_42_00204,order_42_00204,cust_13174,Returning,340.94,Cards,Bank B,False,captured,1425.2,,,False,0
pay_42_00205,order_42_00205,cust_45929,VIP,3050.58,UPI,Bank C,False,captured,633.8,,,False,0
pay_42_00206,order_42_00206,cust_33760,New,58.22,UPI,Bank C,False,captured,985.6,,,False,0
pay_42_00207,order_42_00207,cust_95998,Returning,815.15,Cards,Bank B,False,captured,1913.9,,,False,0
pay_42_00208,order_42_00208,cust_28984,New,1127.57,UPI,Bank A,False,captured,946.8,,,False,0
pay_42_00209,order_42_00209,cust_22861,VIP,4504.03,UPI,Bank D,False,captured,594.2,,,False,0
pay_42_00210,order_42_00210,cust_30977,Returning,294.74,UPI,Bank B,False,captured,726.9,,,False,0
pay_42_00211,order_42_00211,cust_96654,Returning,885.09,Cards,Bank B,False,captured,1960.1,,,False,0
pay_42_00212,order_42_00212,cust_69838,New,322.01,Cards,Bank A,False,captured,2188.8,,,False,0
pay_42_00213,order_42_00213,cust_82394,VIP,2307.32,UPI,Bank C,False,captured,633.9,,,False,0
pay_42_00214,order_42_00214,cust_14136,Returning,331.84,Cards,Bank C,False,captured,1842.8,,,False,0
pay_42_00215,order_42_00215,cust_42167,New,540.18,UPI,Bank A,False,captured,713.3,,,False,0
pay_42_00216,order_42_00216,cust_80456,Returning,300.12,UPI,Bank A,False,captured,832.2,,,False,0
pay_42_00217,order_42_00217,cust_27272,New,1557.97,Cards,Bank C,False,captured,1370.7,,,False,0
pay_42_00218,order_42_00218,cust_39968,Returning,1916.87,Cards,Bank C,False,captured,2016.2,,,False,0
pay_42_00219,order_42_00219,cust_61567,New,642.51,Cards,Bank A,False,captured,1623.9,,,False,0
pay_42_00220,order_42_00220,cust_75425,Returning,844.07,Cards,Bank D,False,captured,2294.7,,,False,0
pay_42_00221,order_42_00221,cust_42919,Returning,190.83,UPI,Bank A,False,captured,894.0,,,False,0
pay_42_00222,order_42_00222,cust_11552,New,602.04,UPI,Bank B,False,captured,660.9,,,False,0
pay_42_00223,order_42_00223,cust_42924,New,772.63,UPI,Bank D,False,captured,960.4,,,False,0
pay_42_00224,order_42_00224,cust_83591,New,11167.84,UPI,Bank B,True,captured,857.2,,,False,0
pay_42_00225,order_42_00225,cust_42363,Returning,267.21,UPI,Bank B,False,captured,779.6,,,False,0
pay_42_00226,order_42_00226,cust_89795,New,3512.83,Wallets,Bank B,False,captured,624.1,,,False,0
pay_42_00227,order_42_00227,cust_52137,Returning,2201.42,UPI,Bank A,False,captured,770.6,,,False,0
pay_42_00228,order_42_00228,cust_28100,New,1075.6,NetBanking,Bank D,False,captured,3348.7,,,False,0
pay_42_00229,order_42_00229,cust_73456,New,4715.55,Cards,Bank B,False,captured,1769.5,,,False,0
pay_42_00230,order_42_00230,cust_47040,Returning,1178.63,Cards,Bank C,False,captured,1842.9,,,False,0
pay_42_00231,order_42_00231,cust_67986,New,1198.9,UPI,Bank A,False,captured,927.4,,,False,0
pay_42_00232,order_42_00232,cust_97347,VIP,1694.83,UPI,Bank A,False,captured,972.7,,,False,0
pay_42_00233,order_42_00233,cust_30085,Returning,2761.61,UPI,Bank A,False,captured,767.1,,,False,0
pay_42_00234,order_42_00234,cust_43980,Returning,2432.0,UPI,Bank C,False,captured,1009.0,,,False,0
pay_42_00235,order_42_00235,cust_19344,Returning,434.56,Cards,Bank B,False,captured,2013.2,,,False,0
pay_42_00236,order_42_00236,cust_20681,Returning,217.19,UPI,Bank C,False,captured,781.3,,,False,0
pay_42_00237,order_42_00237,cust_14582,New,663.16,UPI,Bank B,False,captured,714.6,,,False,0
pay_42_00238,order_42_00238,cust_54264,New,365.02,Cards,Bank D,False,captured,2197.6,,,False,0
pay_42_00239,order_42_00239,cust_94633,New,762.4,UPI,Bank A,False,captured,589.0,,,False,0
pay_42_00240,order_42_00240,cust_92643,Returning,2800.18,NetBanking,Bank C,False,captured,2872.8,,,False,0
pay_42_00241,order_42_00241,cust_81091,New,514.24,Wallets,Bank C,False,captured,732.5,,,False,0
pay_42_00242,order_42_00242,cust_21549,Returning,778.35,NetBanking,Bank C,False,captured,2017.5,,,False,0
pay_42_00243,order_42_00243,cust_31209,VIP,1894.06,UPI,Bank C,False,captured,906.7,,,False,0
pay_42_00244,order_42_00244,cust_53617,Returning,1897.76,UPI,Bank C,False,captured,1078.3,,,False,0
pay_42_00245,order_42_00245,cust_74148,Returning,85.89,NetBanking,Bank B,False,captured,3312.1,,,False,0
pay_42_00246,order_42_00246,cust_15499,New,442.88,UPI,Bank A,False,captured,912.9,,,False,0
pay_42_00247,order_42_00247,cust_11299,Returning,1003.53,Wallets,Bank A,False,captured,686.3,,,False,0
pay_42_00248,order_42_00248,cust_17489,Returning,2697.5,Wallets,Bank D,False,captured,1020.9,,,False,0
pay_42_00249,order_42_00249,cust_83805,New,496.76,NetBanking,Bank B,False,captured,3964.0,,,False,0
pay_42_00250,order_42_00250,cust_97173,New,124.39,UPI,Bank C,False,captured,520.9,,,False,0
pay_42_00251,order_42_00251,cust_54387,VIP,3321.49,UPI,Bank B,False,captured,929.6,,,False,0
pay_42_00252,order_42_00252,cust_91268,Returning,430.37,NetBanking,Bank A,False,captured,3025.3,,,False,0
pay_42_00253,order_42_00253,cust_80726,Returning,247.23,UPI,Bank A,False,captured,684.1,,,False,0
pay_42_00254,order_42_00254,cust_32884,Returning,435.13,UPI,Bank C,False,captured,1116.9,,,False,0
pay_42_00255,order_42_00255,cust_67786,Returning,675.51,UPI,Bank B,False,captured,1009.5,,,False,0
pay_42_00256,order_42_00256,cust_10534,Returning,443.75,NetBanking,Bank A,False,captured,2621.6,,,False,0
pay_42_00257,order_42_00257,cust_46110,New,89.52,Cards,Bank B,False,captured,2077.2,,,False,0
pay_42_00258,order_42_00258,cust_76708,New,1992.34,UPI,Bank A,False,captured,735.2,,,False,0
pay_42_00259,order_42_00259,cust_96437,New,2906.99,UPI,Bank B,False,captured,690.9,,,False,0
pay_42_00260,order_42_00260,cust_34054,Returning,1558.57,Cards,Bank A,False,captured,1923.2,,,False,0
pay_42_00261,order_42_00261,cust_95643,Returning,260.42,Wallets,Bank C,False,captured,1058.5,,,False,0
pay_42_00262,order_42_00262,cust_53965,Returning,664.15,UPI,Bank A,False,captured,997.1,,,False,0
pay_42_00263,order_42_00263,cust_30224,New,807.13,UPI,Bank B,False,captured,819.8,,,False,0
pay_42_00264,order_42_00264,cust_40825,Returning,1478.52,NetBanking,Bank A,False,captured,4207.6,,,False,0
pay_42_00265,order_42_00265,cust_50056,Returning,1585.0,Cards,Bank A,False,captured,2187.2,,,False,0
pay_42_00266,order_42_00266,cust_39063,Returning,389.88,Cards,Bank B,False,captured,1823.1,,,False,0
pay_42_00267,order_42_00267,cust_74952,Returning,881.83,Cards,Bank B,False,captured,1837.2,,,False,0
pay_42_00268,order_42_00268,cust_11674,New,1283.42,UPI,Bank B,False,captured,762.6,,,False,0
pay_42_00269,order_42_00269,cust_76275,Returning,3483.6,UPI,Bank A,False,captured,1175.2,,,False,0
pay_42_00270,order_42_00270,cust_33004,New,1643.37,Cards,Bank C,False,captured,1965.9,,,False,0
pay_42_00271,order_42_00271,cust_20492,New,1788.36,Cards,Bank C,False,captured,1635.5,,,False,0
pay_42_00272,order_42_00272,cust_30116,Returning,883.44,NetBanking,Bank C,False,captured,2819.9,,,False,0
pay_42_00273,order_42_00273,cust_84205,Returning,3329.11,NetBanking,Bank A,False,captured,4166.2,,,False,0
pay_42_00274,order_42_00274,cust_11269,VIP,2692.49,UPI,Bank B,False,captured,490.2,,,False,0
pay_42_00275,order_42_00275,cust_87909,Returning,343.41,UPI,Bank A,False,captured,804.3,,,False,0
pay_42_00276,order_42_00276,cust_93600,Returning,3305.59,Cards,Bank A,False,captured,1979.1,,,False,0
pay_42_00277,order_42_00277,cust_19111,Returning,1632.56,Cards,Bank D,False,captured,1730.3,,,False,0
pay_42_00278,order_42_00278,cust_26453,Returning,521.63,Cards,Bank A,False,captured,2154.4,,,False,0
pay_42_00279,order_42_00279,cust_40077,New,502.96,Cards,Bank B,False,captured,1440.2,,,False,0
pay_42_00280,order_42_00280,cust_12779,New,1092.88,NetBanking,Bank B,False,captured,2435.3,,,False,0
pay_42_00281,order_42_00281,cust_49263,New,1291.02,UPI,Bank C,False,captured,404.6,,,False,0
pay_42_00282,order_42_00282,cust_56825,Returning,989.59,UPI,Bank B,False,captured,907.7,,,False,0
pay_42_00283,order_42_00283,cust_47706,New,1109.11,UPI,Bank A,False,captured,719.7,,,False,0
pay_42_00284,order_42_00284,cust_51302,New,4446.88,UPI,Bank A,False,captured,733.7,,,False,0
pay_42_00285,order_42_00285,cust_78159,New,2372.13,UPI,Bank B,False,captured,998.1,,,False,0
pay_42_00286,order_42_00286,cust_41406,VIP,2162.66,UPI,Bank A,False,captured,900.5,,,False,0
pay_42_00287,order_42_00287,cust_33777,New,2082.47,UPI,Bank B,False,captured,810.8,,,False,0
pay_42_00288,order_42_00288,cust_47265,Returning,289.3,UPI,Bank A,False,captured,950.1,,,False,0
pay_42_00289,order_42_00289,cust_61287,New,1209.46,UPI,Bank A,False,captured,848.6,,,False,0
pay_42_00290,order_42_00290,cust_34918,Returning,4960.72,UPI,Bank B,False,captured,933.8,,,False,0
pay_42_00291,order_42_00291,cust_62409,New,653.25,UPI,Bank A,False,captured,840.8,,,False,0
pay_42_00292,order_42_00292,cust_91731,New,348.06,Cards,Bank B,False,captured,2012.1,,,False,0
pay_42_00293,order_42_00293,cust_31341,Returning,423.23,UPI,Bank C,False,captured,1212.3,,,False,0
pay_42_00294,order_42_00294,cust_78416,New,273.24,UPI,Bank C,False,captured,1043.1,,,False,0
pay_42_00295,order_42_00295,cust_43313,New,370.64,UPI,Bank A,False,captured,783.0,,,False,0
pay_42_00296,order_42_00296,cust_59156,New,560.87,Cards,Bank A,False,captured,1793.3,,,False,0
pay_42_00297,order_42_00297,cust_37829,New,199.22,UPI,Bank A,False,captured,696.7,,,False,0
pay_42_00298,order_42_00298,cust_70282,New,825.19,Cards,Bank B,False,captured,1568.9,,,False,0
pay_42_00299,order_42_00299,cust_13326,New,2002.75,UPI,Bank C,False,captured,615.5,,,False,0
pay_42_00300,order_42_00300,cust_23569,Returning,327.75,UPI,Bank A,False,captured,784.3,,,False,0
pay_42_00301,order_42_00301,cust_81558,Returning,3711.84,UPI,Bank D,False,captured,859.0,,,False,0
pay_42_00302,order_42_00302,cust_97227,Returning,1353.96,UPI,Bank A,False,captured,818.6,,,False,0
pay_42_00303,order_42_00303,cust_53790,New,2276.92,Cards,Bank B,False,captured,2012.9,,,False,0
pay_42_00304,order_42_00304,cust_12892,VIP,925.77,Cards,Bank C,False,captured,1898.7,,,False,0
pay_42_00305,order_42_00305,cust_10654,New,1909.36,Wallets,Bank C,False,captured,1051.3,,,False,0
pay_42_00306,order_42_00306,cust_58867,New,272.62,UPI,Bank C,False,captured,914.6,,,False,0
pay_42_00307,order_42_00307,cust_37200,Returning,1978.8,UPI,Bank C,False,captured,969.1,,,False,0
pay_42_00308,order_42_00308,cust_97892,New,964.72,Cards,Bank A,False,captured,1999.5,,,False,0
pay_42_00309,order_42_00309,cust_49148,New,1412.69,UPI,Bank C,False,captured,651.8,,,False,0
pay_42_00310,order_42_00310,cust_45450,Returning,250.74,UPI,Bank A,False,captured,975.4,,,False,0
pay_42_00311,order_42_00311,cust_88012,Returning,331.93,UPI,Bank C,False,captured,771.1,,,False,0
pay_42_00312,order_42_00312,cust_30836,Returning,1476.2,UPI,Bank B,False,captured,712.0,,,False,0
pay_42_00313,order_42_00313,cust_65648,Returning,314.71,Wallets,Bank C,False,captured,1079.0,,,False,0
pay_42_00314,order_42_00314,cust_21957,VIP,2840.3,Cards,Bank B,False,captured,1823.9,,,False,0
pay_42_00315,order_42_00315,cust_92018,New,207.03,Cards,Bank B,False,captured,1542.2,,,False,0
pay_42_00316,order_42_00316,cust_92464,New,1897.28,UPI,Bank B,False,captured,635.2,,,False,0
pay_42_00317,order_42_00317,cust_95092,New,236.86,UPI,Bank C,False,captured,1013.1,,,False,0
pay_42_00318,order_42_00318,cust_79202,New,1411.35,UPI,Bank A,False,captured,897.4,,,False,0
pay_42_00319,order_42_00319,cust_81051,New,1518.73,UPI,Bank A,False,captured,921.7,,,False,0
pay_42_00320,order_42_00320,cust_13681,VIP,890.41,UPI,Bank A,False,captured,780.1,,,False,0
pay_42_00321,order_42_00321,cust_52292,Returning,1453.93,Cards,Bank A,False,captured,1688.2,,,False,0
pay_42_00322,order_42_00322,cust_84499,Returning,1054.1,Cards,Bank C,False,captured,1597.1,,,False,0
pay_42_00323,order_42_00323,cust_66574,New,473.98,UPI,Bank A,False,captured,635.8,,,False,0
pay_42_00324,order_42_00324,cust_82267,Returning,296.32,Wallets,Bank D,False,captured,1193.3,,,False,0
pay_42_00325,order_42_00325,cust_29177,VIP,251.1,Cards,Bank A,False,captured,1688.2,,,False,0
pay_42_00326,order_42_00326,cust_90730,Returning,1152.46,UPI,Bank A,False,captured,1018.7,,,False,0
pay_42_00327,order_42_00327,cust_38333,New,169.9,Cards,Bank C,False,captured,1451.0,,,False,0
pay_42_00328,order_42_00328,cust_84160,Returning,893.68,UPI,Bank C,False,captured,1052.7,,,False,0
pay_42_00329,order_42_00329,cust_10835,New,624.25,UPI,Bank B,False,captured,950.0,,,False,0
pay_42_00330,order_42_00330,cust_12429,New,1602.22,UPI,Bank B,False,captured,763.5,,,False,0
pay_42_00331,order_42_00331,cust_78143,New,600.62,Cards,Bank C,False,captured,1800.7,,,False,0
pay_42_00332,order_42_00332,cust_41099,Returning,584.38,UPI,Bank A,False,captured,810.0,,,False,0
pay_42_00333,order_42_00333,cust_70782,Returning,1688.96,UPI,Bank D,False,captured,393.0,,,False,0
pay_42_00334,order_42_00334,cust_25339,New,1135.76,UPI,Bank D,False,captured,732.5,,,False,0
pay_42_00335,order_42_00335,cust_10706,New,1114.49,UPI,Bank C,False,captured,1059.8,,,False,0
pay_42_00336,order_42_00336,cust_48523,Returning,1298.89,NetBanking,Bank A,False,captured,2942.6,,,False,0
pay_42_00337,order_42_00337,cust_27718,New,174.94,Cards,Bank C,False,captured,1873.1,,,False,0
pay_42_00338,order_42_00338,cust_54115,New,1731.58,UPI,Bank A,False,captured,752.9,,,False,0
pay_42_00339,order_42_00339,cust_65963,New,1498.87,UPI,Bank A,False,captured,863.0,,,False,0
pay_42_00340,order_42_00340,cust_36660,Returning,293.92,UPI,Bank A,False,captured,671.8,,,False,0
pay_42_00341,order_42_00341,cust_18605,New,636.46,UPI,Bank B,False,captured,554.0,,,False,0
pay_42_00342,order_42_00342,cust_89315,New,781.09,UPI,Bank C,False,captured,627.2,,,False,0
pay_42_00343,order_42_00343,cust_43132,New,710.17,UPI,Bank C,False,captured,861.3,,,False,0
pay_42_00344,order_42_00344,cust_14150,VIP,2495.68,UPI,Bank C,False,captured,770.6,,,False,0
pay_42_00345,order_42_00345,cust_54921,Returning,3399.44,Cards,Bank B,False,failed,1598.7,GATEWAY_TIMEOUT,Payment gateway response timed out after 5000ms,True,0
pay_42_00346,order_42_00346,cust_73879,Returning,2396.51,Cards,Bank A,False,failed,2344.0,GATEWAY_TIMEOUT,Payment gateway response timed out after 5000ms,True,0
pay_42_00347,order_42_00347,cust_92800,New,218.72,UPI,Bank B,False,captured,748.6,,,False,0
pay_42_00348,order_42_00348,cust_11168,Returning,1513.33,UPI,Bank D,False,captured,673.0,,,False,0
pay_42_00349,order_42_00349,cust_25032,New,3068.47,Cards,Bank A,False,captured,1624.5,,,False,0
pay_42_00350,order_42_00350,cust_40270,Returning,1196.08,UPI,Bank C,False,captured,747.4,,,False,0
pay_42_00351,order_42_00351,cust_74817,VIP,5321.11,NetBanking,Bank B,False,captured,2562.1,,,False,0
pay_42_00352,order_42_00352,cust_91515,Returning,6077.02,Cards,Bank B,False,captured,1752.0,,,False,0
pay_42_00353,order_42_00353,cust_26645,Returning,2261.33,UPI,Bank C,False,captured,940.5,,,False,0
pay_42_00354,order_42_00354,cust_79711,Returning,1042.43,UPI,Bank B,False,captured,809.4,,,False,0
pay_42_00355,order_42_00355,cust_84710,New,2310.2,Cards,Bank C,False,captured,1827.0,,,False,0
pay_42_00356,order_42_00356,cust_93732,VIP,2065.95,UPI,Bank D,False,captured,810.0,,,False,0
pay_42_00357,order_42_00357,cust_89557,New,832.06,UPI,Bank B,False,captured,705.2,,,False,0
pay_42_00358,order_42_00358,cust_59703,Returning,571.68,NetBanking,Bank A,False,captured,3543.9,,,False,0
pay_42_00359,order_42_00359,cust_88462,New,3879.31,UPI,Bank B,False,captured,1046.1,,,False,0
pay_42_00360,order_42_00360,cust_37307,New,358.37,UPI,Bank D,False,captured,716.3,,,False,0
pay_42_00361,order_42_00361,cust_34502,New,3760.73,Cards,Bank A,False,captured,1745.4,,,False,0
pay_42_00362,order_42_00362,cust_91494,New,1339.25,UPI,Bank B,False,captured,683.9,,,False,0
pay_42_00363,order_42_00363,cust_20748,Returning,200.48,UPI,Bank B,False,captured,1030.7,,,False,0
pay_42_00364,order_42_00364,cust_21182,Returning,1173.39,NetBanking,Bank C,False,captured,3222.7,,,False,0
pay_42_00365,order_42_00365,cust_72013,New,99.48,UPI,Bank A,False,captured,883.8,,,False,0
pay_42_00366,order_42_00366,cust_61962,New,1518.55,Wallets,Bank C,False,failed,1096.6,GATEWAY_TIMEOUT,Payment gateway response timed out after 5000ms,True,0
pay_42_00367,order_42_00367,cust_81206,Returning,1968.9,NetBanking,Bank D,False,captured,3651.7,,,False,0
pay_42_00368,order_42_00368,cust_75220,New,449.28,UPI,Bank A,False,captured,623.6,,,False,0
pay_42_00369,order_42_00369,cust_57299,Returning,919.24,UPI,Bank A,False,captured,749.7,,,False,0
pay_42_00370,order_42_00370,cust_61012,Returning,5733.94,UPI,Bank D,False,captured,594.0,,,False,0
pay_42_00371,order_42_00371,cust_97096,Returning,489.93,UPI,Bank A,False,captured,878.0,,,False,0
pay_42_00372,order_42_00372,cust_97318,Returning,281.77,UPI,Bank C,False,captured,673.6,,,False,0
pay_42_00373,order_42_00373,cust_29790,New,3574.8,Cards,Bank B,False,captured,1915.8,,,False,0
pay_42_00374,order_42_00374,cust_70186,Returning,5782.48,UPI,Bank A,False,captured,790.6,,,False,0
pay_42_00375,order_42_00375,cust_60251,New,815.41,UPI,Bank C,False,captured,773.4,,,False,0
pay_42_00376,order_42_00376,cust_27929,New,2233.81,Cards,Bank B,False,captured,1529.9,,,False,0
pay_42_00377,order_42_00377,cust_72559,Returning,3107.2,UPI,Bank B,False,captured,888.8,,,False,0
pay_42_00378,order_42_00378,cust_91837,New,386.65,Cards,Bank B,False,captured,1849.3,,,False,0
pay_42_00379,order_42_00379,cust_81387,Returning,500.04,UPI,Bank B,False,captured,1129.4,,,False,0
pay_42_00380,order_42_00380,cust_97201,Returning,2781.86,UPI,Bank A,False,captured,958.6,,,False,0
pay_42_00381,order_42_00381,cust_60577,Returning,4380.92,Cards,Bank B,False,captured,1859.6,,,False,0
pay_42_00382,order_42_00382,cust_41213,VIP,3137.99,Cards,Bank D,False,captured,1682.2,,,False,0
pay_42_00383,order_42_00383,cust_89026,New,337.03,NetBanking,Bank A,False,captured,2895.4,,,False,0
pay_42_00384,order_42_00384,cust_66523,New,5925.74,Cards,Bank C,False,failed,2027.9,GATEWAY_TIMEOUT,Payment gateway response timed out after 5000ms,True,0
pay_42_00385,order_42_00385,cust_94685,Returning,477.72,Cards,Bank A,False,captured,1712.5,,,False,0
pay_42_00386,order_42_00386,cust_46931,New,581.06,UPI,Bank C,False,captured,631.8,,,False,0
pay_42_00387,order_42_00387,cust_89872,Returning,1144.06,UPI,Bank A,False,captured,939.4,,,False,0
pay_42_00388,order_42_00388,cust_16523,Returning,3843.58,Cards,Bank D,False,captured,1823.6,,,False,0
pay_42_00389,order_42_00389,cust_55641,Returning,1908.32,Cards,Bank B,False,failed,1850.2,GATEWAY_TIMEOUT,Payment gateway response timed out after 5000ms,True,0
pay_42_00390,order_42_00390,cust_86102,New,1230.12,Wallets,Bank A,False,captured,1298.0,,,False,0
pay_42_00391,order_42_00391,cust_60654,New,1291.15,UPI,Bank A,False,captured,852.9,,,False,0
pay_42_00392,order_42_00392,cust_75185,New,848.54,UPI,Bank A,False,captured,746.9,,,False,0
pay_42_00393,order_42_00393,cust_62709,New,1419.61,Cards,Bank B,False,captured,2112.2,,,False,0
pay_42_00394,order_42_00394,cust_21620,Returning,64.74,UPI,Bank A,False,captured,1041.0,,,False,0
pay_42_00395,order_42_00395,cust_98578,New,603.89,NetBanking,Bank C,False,captured,2751.2,,,False,0
pay_42_00396,order_42_00396,cust_21267,New,1034.14,NetBanking,Bank B,False,captured,3803.3,,,False,0
pay_42_00397,order_42_00397,cust_16743,New,256.98,UPI,Bank A,False,captured,570.9,,,False,0
pay_42_00398,order_42_00398,cust_38552,Returning,1195.5,Cards,Bank B,False,captured,1576.4,,,False,0
pay_42_00399,order_42_00399,cust_53730,Returning,662.17,Cards,Bank C,False,captured,1596.1,,,False,0
pay_42_00400,order_42_00400,cust_68535,New,4700.74,UPI,Bank A,False,captured,766.3,,,False,0
pay_42_00401,order_42_00401,cust_90674,New,3916.76,NetBanking,Bank A,False,captured,3710.6,,,False,0
pay_42_00402,order_42_00402,cust_78931,New,509.89,UPI,Bank A,False,captured,806.7,,,False,0
pay_42_00403,order_42_00403,cust_73749,New,698.66,Cards,Bank C,False,captured,1276.3,,,False,0
pay_42_00404,order_42_00404,cust_13832,Returning,754.5,UPI,Bank C,False,captured,630.9,,,False,0
pay_42_00405,order_42_00405,cust_51025,Returning,517.15,NetBanking,Bank B,False,captured,3764.0,,,False,0
pay_42_00406,order_42_00406,cust_85118,New,987.35,UPI,Bank C,False,captured,983.0,,,False,0
pay_42_00407,order_42_00407,cust_18418,New,380.59,UPI,Bank C,False,captured,638.5,,,False,0
pay_42_00408,order_42_00408,cust_13407,VIP,577.0,NetBanking,Bank B,False,captured,3770.2,,,False,0
pay_42_00409,order_42_00409,cust_15666,Returning,1514.3,UPI,Bank C,False,captured,1174.8,,,False,0
pay_42_00410,order_42_00410,cust_36505,Returning,1524.66,UPI,Bank A,False,captured,490.5,,,False,0
pay_42_00411,order_42_00411,cust_53169,New,363.47,Wallets,Bank A,False,captured,842.9,,,False,0
pay_42_00412,order_42_00412,cust_13880,Returning,1988.94,Wallets,Bank A,False,captured,821.0,,,False,0
pay_42_00413,order_42_00413,cust_53539,New,432.0,UPI,Bank A,False,captured,792.3,,,False,0
pay_42_00414,order_42_00414,cust_70102,Returning,1046.46,Cards,Bank B,False,captured,1453.9,,,False,0
pay_42_00415,order_42_00415,cust_53333,VIP,4059.44,UPI,Bank D,False,captured,673.2,,,False,0
pay_42_00416,order_42_00416,cust_29073,New,785.55,UPI,Bank A,False,captured,709.6,,,False,0
pay_42_00417,order_42_00417,cust_93795,New,1280.16,UPI,Bank A,False,captured,847.7,,,False,0
pay_42_00418,order_42_00418,cust_34624,New,484.72,Cards,Bank B,False,captured,1892.2,,,False,0
pay_42_00419,order_42_00419,cust_95781,New,667.5,Cards,Bank D,False,captured,1552.6,,,False,0
pay_42_00420,order_42_00420,cust_19589,New,661.26,Cards,Bank A,False,captured,1616.4,,,False,0
pay_42_00421,order_42_00421,cust_83181,New,385.07,Cards,Bank B,False,captured,2027.0,,,False,0
pay_42_00422,order_42_00422,cust_25994,Returning,680.77,UPI,Bank A,False,captured,515.5,,,False,0
pay_42_00423,order_42_00423,cust_36639,Returning,172.67,UPI,Bank A,False,captured,798.9,,,False,0
pay_42_00424,order_42_00424,cust_97876,New,497.13,UPI,Bank D,False,captured,811.8,,,False,0
pay_42_00425,order_42_00425,cust_90052,VIP,1344.24,UPI,Bank D,False,captured,958.1,,,False,0
pay_42_00426,order_42_00426,cust_46701,New,628.8,UPI,Bank A,False,captured,857.1,,,False,0
pay_42_00427,order_42_00427,cust_67241,VIP,1403.83,NetBanking,Bank D,False,captured,2908.8,,,False,0
pay_42_00428,order_42_00428,cust_86325,New,763.75,UPI,Bank B,False,captured,708.9,,,False,0
pay_42_00429,order_42_00429,cust_35563,Returning,1312.18,UPI,Bank C,False,captured,739.3,,,False,0
pay_42_00430,order_42_00430,cust_75886,Returning,1947.92,UPI,Bank B,False,captured,968.3,,,False,0
pay_42_00431,order_42_00431,cust_34127,Returning,424.21,Cards,Bank B,False,captured,1910.9,,,False,0
pay_42_00432,order_42_00432,cust_57997,VIP,536.6,Cards,Bank B,False,captured,2051.9,,,False,0
pay_42_00433,order_42_00433,cust_81743,New,286.56,UPI,Bank C,False,captured,596.4,,,False,0
pay_42_00434,order_42_00434,cust_86768,VIP,1098.01,UPI,Bank A,False,failed,1048.6,GATEWAY_TIMEOUT,Payment gateway response timed out after 5000ms,True,0
pay_42_00435,order_42_00435,cust_66030,New,571.39,Cards,Bank A,False,captured,2131.7,,,False,0
pay_42_00436,order_42_00436,cust_35022,New,376.16,UPI,Bank A,False,captured,840.9,,,False,0
pay_42_00437,order_42_00437,cust_53678,New,222.27,Cards,Bank C,False,captured,1615.5,,,False,0
pay_42_00438,order_42_00438,cust_84323,Returning,514.85,Cards,Bank A,False,captured,2050.6,,,False,0
pay_42_00439,order_42_00439,cust_92994,New,974.01,UPI,Bank C,False,captured,685.4,,,False,0
pay_42_00440,order_42_00440,cust_11211,Returning,1472.96,UPI,Bank D,False,captured,980.5,,,False,0
pay_42_00441,order_42_00441,cust_58542,Returning,465.25,Wallets,Bank A,False,captured,961.8,,,False,0
pay_42_00442,order_42_00442,cust_75584,Returning,537.54,UPI,Bank C,False,captured,591.6,,,False,0
pay_42_00443,order_42_00443,cust_68032,Returning,321.6,UPI,Bank B,False,captured,956.1,,,False,0
pay_42_00444,order_42_00444,cust_77838,New,787.26,Cards,Bank C,False,captured,1972.0,,,False,0
pay_42_00445,order_42_00445,cust_25620,New,347.78,NetBanking,Bank A,False,captured,3564.1,,,False,0
pay_42_00446,order_42_00446,cust_67602,New,1441.05,Wallets,Bank C,False,captured,963.1,,,False,0
pay_42_00447,order_42_00447,cust_76060,New,136.2,Cards,Bank C,False,captured,1546.7,,,False,0
pay_42_00448,order_42_00448,cust_92357,New,567.01,UPI,Bank D,False,captured,532.8,,,False,0
pay_42_00449,order_42_00449,cust_21353,New,1097.85,UPI,Bank C,False,captured,465.4,,,False,0
pay_42_00450,order_42_00450,cust_73370,New,976.36,Cards,Bank B,False,captured,1660.1,,,False,0
pay_42_00451,order_42_00451,cust_64880,VIP,26409.82,UPI,Bank B,True,captured,573.1,,,False,0
pay_42_00452,order_42_00452,cust_88194,Returning,1152.63,UPI,Bank C,False,captured,596.5,,,False,0
pay_42_00453,order_42_00453,cust_98916,New,297.66,NetBanking,Bank B,False,captured,3311.6,,,False,0
pay_42_00454,order_42_00454,cust_71192,Returning,738.44,UPI,Bank A,False,captured,768.1,,,False,0
pay_42_00455,order_42_00455,cust_35993,New,137.52,UPI,Bank D,False,captured,976.8,,,False,0
pay_42_00456,order_42_00456,cust_70277,New,749.5,UPI,Bank C,False,captured,608.9,,,False,0
pay_42_00457,order_42_00457,cust_59990,Returning,353.17,UPI,Bank C,False,captured,850.3,,,False,0
pay_42_00458,order_42_00458,cust_80309,Returning,2029.19,UPI,Bank A,False,captured,972.5,,,False,0
pay_42_00459,order_42_00459,cust_86000,New,468.93,UPI,Bank C,False,captured,844.5,,,False,0
pay_42_00460,order_42_00460,cust_27948,VIP,1590.32,UPI,Bank B,False,failed,532.9,INSUFFICIENT_FUNDS,Customer account has insufficient funds,False,0
pay_42_00461,order_42_00461,cust_48826,Returning,430.28,Cards,Bank C,False,captured,1902.3,,,False,0
pay_42_00462,order_42_00462,cust_82233,Returning,4623.24,Cards,Bank A,False,captured,1951.2,,,False,0
pay_42_00463,order_42_00463,cust_22963,Returning,589.2,UPI,Bank C,False,captured,918.7,,,False,0
pay_42_00464,order_42_00464,cust_89732,Returning,5077.41,Wallets,Bank D,False,captured,1077.2,,,False,0
pay_42_00465,order_42_00465,cust_91494,New,1833.81,UPI,Bank A,False,captured,635.4,,,False,0
pay_42_00466,order_42_00466,cust_75602,New,1315.62,UPI,Bank D,False,captured,628.0,,,False,0
pay_42_00467,order_42_00467,cust_43332,New,1174.66,NetBanking,Bank B,False,captured,3432.9,,,False,0
pay_42_00468,order_42_00468,cust_12251,Returning,1204.47,UPI,Bank C,False,captured,906.1,,,False,0
pay_42_00469,order_42_00469,cust_37027,Returning,118.19,Wallets,Bank C,False,captured,1076.3,,,False,0
pay_42_00470,order_42_00470,cust_70624,New,614.69,UPI,Bank B,False,captured,730.8,,,False,0
pay_42_00471,order_42_00471,cust_39299,VIP,4161.44,Wallets,Bank C,False,captured,1036.2,,,False,0
pay_42_00472,order_42_00472,cust_56015,VIP,1702.0,UPI,Bank C,False,captured,898.4,,,False,0
pay_42_00473,order_42_00473,cust_50857,Returning,199.3,NetBanking,Bank B,False,captured,3545.1,,,False,0
pay_42_00474,order_42_00474,cust_60711,Returning,770.93,UPI,Bank A,False,captured,748.8,,,False,0
pay_42_00475,order_42_00475,cust_59103,Returning,4465.36,Wallets,Bank C,False,captured,897.9,,,False,0
pay_42_00476,order_42_00476,cust_76830,New,2826.77,UPI,Bank C,False,captured,899.7,,,False,0
pay_42_00477,order_42_00477,cust_34398,Returning,763.56,UPI,Bank C,False,captured,685.3,,,False,0
pay_42_00478,order_42_00478,cust_73884,New,2103.69,Wallets,Bank C,False,captured,1058.7,,,False,0
pay_42_00479,order_42_00479,cust_64225,Returning,563.12,UPI,Bank B,False,captured,797.9,,,False,0
pay_42_00480,order_42_00480,cust_61360,New,147.84,Cards,Bank C,False,captured,1300.4,,,False,0
pay_42_00481,order_42_00481,cust_42334,Returning,322.32,Cards,Bank A,False,captured,1712.5,,,False,0
pay_42_00482,order_42_00482,cust_71715,VIP,8530.01,UPI,Bank B,False,captured,873.3,,,False,0
pay_42_00483,order_42_00483,cust_35251,New,617.7,Cards,Bank A,False,captured,1420.3,,,False,0
pay_42_00484,order_42_00484,cust_50733,Returning,636.9,UPI,Bank A,False,captured,813.9,,,False,0
pay_42_00485,order_42_00485,cust_44808,VIP,1324.27,NetBanking,Bank B,False,captured,2511.3,,,False,0
pay_42_00486,order_42_00486,cust_70740,Returning,5454.17,UPI,Bank B,False,captured,880.1,,,False,0
pay_42_00487,order_42_00487,cust_54565,Returning,4129.7,UPI,Bank C,False,captured,1203.9,,,False,0
pay_42_00488,order_42_00488,cust_48563,Returning,7470.97,Wallets,Bank B,False,captured,1203.5,,,False,0
pay_42_00489,order_42_00489,cust_20931,New,692.95,NetBanking,Bank B,False,captured,3028.1,,,False,0
pay_42_00490,order_42_00490,cust_68901,New,1091.85,UPI,Bank A,False,captured,726.8,,,False,0
pay_42_00491,order_42_00491,cust_56691,New,178.28,Cards,Bank B,False,captured,2122.3,,,False,0
pay_42_00492,order_42_00492,cust_31301,Returning,3557.93,UPI,Bank A,False,captured,955.1,,,False,0
pay_42_00493,order_42_00493,cust_72224,New,252.7,UPI,Bank A,False,captured,1020.1,,,False,0
pay_42_00494,order_42_00494,cust_81629,Returning,1009.06,UPI,Bank B,False,captured,825.2,,,False,0
pay_42_00495,order_42_00495,cust_65809,Returning,271.16,UPI,Bank C,False,captured,941.8,,,False,0
pay_42_00496,order_42_00496,cust_31602,Returning,450.85,UPI,Bank B,False,captured,963.6,,,False,0
pay_42_00497,order_42_00497,cust_16073,Returning,351.69,UPI,Bank B,False,captured,980.0,,,False,0
pay_42_00498,order_42_00498,cust_56202,VIP,973.19,Wallets,Bank B,False,captured,1033.6,,,False,0
pay_42_00499,order_42_00499,cust_99743,New,473.84,Wallets,Bank C,False,captured,785.2,,,False,0
pay_42_00500,order_42_00500,cust_40562,Returning,469.53,Cards,Bank B,False,captured,1616.5,,,False,0
pay_42_00501,order_42_00501,cust_84233,Returning,1869.33,UPI,Bank B,False,captured,359.6,,,False,0
pay_42_00502,order_42_00502,cust_79603,Returning,269.11,UPI,Bank A,False,captured,819.8,,,False,0
pay_42_00503,order_42_00503,cust_42317,VIP,2228.31,Cards,Bank A,False,captured,1765.6,,,False,0
pay_42_00504,order_42_00504,cust_58270,New,2746.16,Cards,Bank B,False,captured,1869.9,,,False,0
pay_42_00505,order_42_00505,cust_59833,New,486.29,UPI,Bank B,False,captured,908.1,,,False,0
pay_42_00506,order_42_00506,cust_48328,Returning,396.26,NetBanking,Bank B,False,captured,3160.3,,,False,0
pay_42_00507,order_42_00507,cust_70646,New,645.15,Cards,Bank B,False,captured,1709.9,,,False,0
pay_42_00508,order_42_00508,cust_30541,Returning,2643.15,NetBanking,Bank B,False,captured,3549.6,,,False,0
pay_42_00509,order_42_00509,cust_36028,Returning,986.45,Cards,Bank C,False,captured,1435.0,,,False,0
pay_42_00510,order_42_00510,cust_74824,New,477.61,Cards,Bank C,False,captured,2045.6,,,False,0
pay_42_00511,order_42_00511,cust_25043,Returning,1318.01,UPI,Bank C,False,captured,823.7,,,False,0
pay_42_00512,order_42_00512,cust_47383,New,269.81,NetBanking,Bank D,False,captured,4065.4,,,False,0
pay_42_00513,order_42_00513,cust_32763,Returning,1605.77,NetBanking,Bank A,False,captured,2782.5,,,False,0
pay_42_00514,order_42_00514,cust_31058,Returning,1222.44,UPI,Bank A,False,captured,723.9,,,False,0
pay_42_00515,order_42_00515,cust_94171,VIP,1313.76,UPI,Bank A,False,captured,773.0,,,False,0
pay_42_00516,order_42_00516,cust_16041,New,351.22,UPI,Bank B,False,captured,702.5,,,False,0
pay_42_00517,order_42_00517,cust_71954,Returning,334.73,Cards,Bank C,False,captured,1985.5,,,False,0
pay_42_00518,order_42_00518,cust_15419,Returning,1386.89,Wallets,Bank A,False,captured,688.1,,,False,0
pay_42_00519,order_42_00519,cust_68760,Returning,2776.59,UPI,Bank D,False,captured,1073.1,,,False,0
pay_42_00520,order_42_00520,cust_47841,Returning,429.53,UPI,Bank A,False,captured,989.4,,,False,0
pay_42_00521,order_42_00521,cust_56660,New,1284.84,UPI,Bank D,False,captured,931.5,,,False,0
pay_42_00522,order_42_00522,cust_68026,New,100.78,Wallets,Bank B,False,captured,1219.7,,,False,0
pay_42_00523,order_42_00523,cust_50097,New,452.77,Cards,Bank A,False,captured,1661.8,,,False,0
pay_42_00524,order_42_00524,cust_50502,Returning,787.56,Cards,Bank B,False,captured,1615.9,,,False,0
pay_42_00525,order_42_00525,cust_52498,New,327.12,UPI,Bank A,False,captured,829.4,,,False,0
pay_42_00526,order_42_00526,cust_27194,New,318.46,UPI,Bank A,False,captured,1001.8,,,False,0
pay_42_00527,order_42_00527,cust_53723,VIP,916.61,UPI,Bank A,False,captured,783.7,,,False,0
pay_42_00528,order_42_00528,cust_12147,New,1088.1,UPI,Bank C,False,captured,1059.5,,,False,0
pay_42_00529,order_42_00529,cust_48445,VIP,1481.97,NetBanking,Bank B,False,captured,2461.5,,,False,0
pay_42_00530,order_42_00530,cust_92410,Returning,86.64,Cards,Bank A,False,captured,1398.4,,,False,0
pay_42_00531,order_42_00531,cust_47755,Returning,97.45,Wallets,Bank B,False,captured,1055.4,,,False,0
pay_42_00532,order_42_00532,cust_91171,New,442.81,Wallets,Bank C,False,captured,1061.1,,,False,0
pay_42_00533,order_42_00533,cust_19490,New,1283.94,UPI,Bank A,False,captured,842.9,,,False,0
pay_42_00534,order_42_00534,cust_66022,Returning,52.07,Cards,Bank B,False,captured,2232.6,,,False,0
pay_42_00535,order_42_00535,cust_98090,Returning,492.88,NetBanking,Bank A,False,failed,2943.8,GATEWAY_TIMEOUT,Payment gateway response timed out after 5000ms,True,0
pay_42_00536,order_42_00536,cust_87990,Returning,479.98,Cards,Bank A,False,captured,2143.8,,,False,0
pay_42_00537,order_42_00537,cust_50736,New,3256.27,UPI,Bank C,False,captured,374.4,,,False,0
pay_42_00538,order_42_00538,cust_14886,Returning,552.79,UPI,Bank A,False,captured,1050.1,,,False,0
pay_42_00539,order_42_00539,cust_47387,Returning,1191.52,UPI,Bank B,False,captured,738.3,,,False,0
pay_42_00540,order_42_00540,cust_17856,Returning,935.66,Wallets,Bank C,False,captured,756.2,,,False,0
pay_42_00541,order_42_00541,cust_45790,Returning,96.49,Cards,Bank A,False,captured,1205.9,,,False,0
pay_42_00542,order_42_00542,cust_77306,Returning,1751.46,UPI,Bank B,False,captured,858.0,,,False,0
pay_42_00543,order_42_00543,cust_22404,Returning,1007.67,Cards,Bank A,False,captured,2051.3,,,False,0
pay_42_00544,order_42_00544,cust_75472,New,1350.55,Cards,Bank D,False,failed,1360.6,GATEWAY_TIMEOUT,Payment gateway response timed out after 5000ms,True,0
pay_42_00545,order_42_00545,cust_71313,Returning,41201.82,UPI,Bank B,True,captured,997.2,,,False,0
pay_42_00546,order_42_00546,cust_23275,New,101.08,UPI,Bank C,False,captured,1062.3,,,False,0
pay_42_00547,order_42_00547,cust_44550,New,4558.26,Cards,Bank B,False,captured,1682.8,,,False,0
pay_42_00548,order_42_00548,cust_25605,New,609.45,UPI,Bank A,False,captured,694.3,,,False,0
pay_42_00549,order_42_00549,cust_30390,New,1082.83,Cards,Bank B,False,captured,1561.0,,,False,0
pay_42_00550,order_42_00550,cust_26984,New,776.26,UPI,Bank D,False,captured,827.4,,,False,0
pay_42_00551,order_42_00551,cust_32760,New,531.53,NetBanking,Bank B,False,captured,3489.5,,,False,0
pay_42_00552,order_42_00552,cust_45891,Returning,459.51,UPI,Bank C,False,captured,715.0,,,False,0
pay_42_00553,order_42_00553,cust_55836,VIP,2484.85,UPI,Bank C,False,captured,663.1,,,False,0
pay_42_00554,order_42_00554,cust_17610,New,178.19,NetBanking,Bank A,False,captured,3052.6,,,False,0
pay_42_00555,order_42_00555,cust_25791,VIP,3785.89,UPI,Bank A,False,captured,659.5,,,False,0
pay_42_00556,order_42_00556,cust_75864,Returning,535.82,UPI,Bank B,False,captured,1012.1,,,False,0
pay_42_00557,order_42_00557,cust_96148,New,262.42,UPI,Bank B,False,captured,929.4,,,False,0
pay_42_00558,order_42_00558,cust_93996,New,518.01,Cards,Bank C,False,captured,1940.5,,,False,0
pay_42_00559,order_42_00559,cust_67676,Returning,2855.92,Cards,Bank D,False,captured,1793.9,,,False,0
pay_42_00560,order_42_00560,cust_78706,Returning,475.64,Cards,Bank B,False,captured,1665.3,,,False,0
pay_42_00561,order_42_00561,cust_19718,Returning,1162.65,UPI,Bank A,False,captured,801.3,,,False,0
pay_42_00562,order_42_00562,cust_55406,New,391.13,UPI,Bank C,False,captured,867.0,,,False,0
pay_42_00563,order_42_00563,cust_23503,New,1733.54,UPI,Bank A,False,captured,858.3,,,False,0
pay_42_00564,order_42_00564,cust_69557,New,1612.45,UPI,Bank C,False,captured,641.7,,,False,0
pay_42_00565,order_42_00565,cust_50167,New,5159.57,UPI,Bank B,False,captured,959.8,,,False,0
pay_42_00566,order_42_00566,cust_90664,New,681.6,UPI,Bank C,False,captured,771.4,,,False,0
pay_42_00567,order_42_00567,cust_91218,New,1585.5,UPI,Bank A,False,captured,770.3,,,False,0
pay_42_00568,order_42_00568,cust_39504,Returning,896.11,NetBanking,Bank B,False,captured,3594.4,,,False,0
pay_42_00569,order_42_00569,cust_50297,VIP,6531.09,UPI,Bank B,False,captured,839.5,,,False,0
pay_42_00570,order_42_00570,cust_60715,New,395.9,UPI,Bank B,False,captured,809.6,,,False,0
pay_42_00571,order_42_00571,cust_78222,VIP,3764.85,Cards,Bank A,False,captured,1458.5,,,False,0
pay_42_00572,order_42_00572,cust_96246,New,668.68,UPI,Bank C,False,captured,638.1,,,False,0
pay_42_00573,order_42_00573,cust_70663,Returning,761.9,Cards,Bank C,False,captured,2186.4,,,False,0
pay_42_00574,order_42_00574,cust_93028,New,890.47,NetBanking,Bank A,False,captured,3447.4,,,False,0
pay_42_00575,order_42_00575,cust_39680,Returning,1045.49,NetBanking,Bank A,False,failed,3222.2,GATEWAY_TIMEOUT,Payment gateway response timed out after 5000ms,True,0
pay_42_00576,order_42_00576,cust_15796,VIP,1591.18,UPI,Bank A,False,captured,857.2,,,False,0
pay_42_00577,order_42_00577,cust_34074,Returning,1006.98,NetBanking,Bank B,False,failed,3149.6,GATEWAY_TIMEOUT,Payment gateway response timed out after 5000ms,True,0
pay_42_00578,order_42_00578,cust_35988,New,3936.78,UPI,Bank B,False,captured,908.4,,,False,0
pay_42_00579,order_42_00579,cust_33806,Returning,2176.45,UPI,Bank B,False,captured,816.8,,,False,0
pay_42_00580,order_42_00580,cust_52616,New,1937.5,UPI,Bank A,False,captured,880.2,,,False,0
pay_42_00581,order_42_00581,cust_10453,Returning,515.15,Wallets,Bank B,False,captured,1083.0,,,False,0
pay_42_00582,order_42_00582,cust_80404,Returning,333.87,UPI,Bank B,False,captured,947.4,,,False,0
pay_42_00583,order_42_00583,cust_87707,New,2111.81,UPI,Bank B,False,captured,718.5,,,False,0
pay_42_00584,order_42_00584,cust_12017,Returning,1950.9,Cards,Bank D,False,captured,1574.3,,,False,0
pay_42_00585,order_42_00585,cust_14792,Returning,3542.79,UPI,Bank A,False,captured,829.2,,,False,0
pay_42_00586,order_42_00586,cust_44206,New,444.09,UPI,Bank C,False,captured,877.8,,,False,0
pay_42_00587,order_42_00587,cust_54135,Returning,645.78,UPI,Bank B,False,captured,874.4,,,False,0
pay_42_00588,order_42_00588,cust_67851,New,157.67,UPI,Bank B,False,captured,716.9,,,False,0
pay_42_00589,order_42_00589,cust_75867,Returning,548.69,UPI,Bank C,False,captured,857.3,,,False,0
pay_42_00590,order_42_00590,cust_98534,Returning,2200.79,UPI,Bank C,False,captured,780.8,,,False,0
pay_42_00591,order_42_00591,cust_70091,Returning,509.54,Cards,Bank D,False,captured,1824.1,,,False,0
pay_42_00592,order_42_00592,cust_57934,Returning,1541.45,UPI,Bank A,False,captured,977.6,,,False,0
pay_42_00593,order_42_00593,cust_91103,Returning,671.49,UPI,Bank A,False,captured,711.5,,,False,0
pay_42_00594,order_42_00594,cust_89622,New,1123.33,NetBanking,Bank C,False,captured,3536.0,,,False,0
pay_42_00595,order_42_00595,cust_71892,Returning,257.83,UPI,Bank B,False,captured,857.6,,,False,0
pay_42_00596,order_42_00596,cust_97580,New,884.67,Cards,Bank A,False,captured,1740.0,,,False,0
pay_42_00597,order_42_00597,cust_35008,Returning,50.0,UPI,Bank A,False,captured,645.6,,,False,0
pay_42_00598,order_42_00598,cust_14700,New,673.91,UPI,Bank A,False,captured,467.9,,,False,0
pay_42_00599,order_42_00599,cust_83396,New,159.1,UPI,Bank C,False,captured,739.0,,,False,0
pay_42_00600,order_42_00600,cust_69117,Returning,2713.5,UPI,Bank A,False,captured,308.7,,,False,0
pay_42_00601,order_42_00601,cust_91383,New,1767.65,UPI,Bank A,False,captured,677.3,,,False,0
pay_42_00602,order_42_00602,cust_89888,Returning,1295.52,UPI,Bank A,False,captured,546.4,,,False,0
pay_42_00603,order_42_00603,cust_51954,New,3718.24,UPI,Bank B,False,captured,653.2,,,False,0
pay_42_00604,order_42_00604,cust_72665,New,314.53,UPI,Bank A,False,captured,895.2,,,False,0
pay_42_00605,order_42_00605,cust_25882,Returning,4662.76,UPI,Bank B,False,captured,1158.7,,,False,0
pay_42_00606,order_42_00606,cust_95374,New,2063.57,UPI,Bank A,False,captured,667.3,,,False,0
pay_42_00607,order_42_00607,cust_43798,New,641.27,UPI,Bank C,False,captured,721.9,,,False,0
pay_42_00608,order_42_00608,cust_12850,Returning,2529.1,UPI,Bank A,False,captured,872.9,,,False,0
pay_42_00609,order_42_00609,cust_21953,New,268.73,Cards,Bank B,False,captured,1215.2,,,False,0
pay_42_00610,order_42_00610,cust_91029,Returning,356.2,UPI,Bank C,False,captured,619.3,,,False,0
pay_42_00611,order_42_00611,cust_38251,New,442.04,Cards,Bank C,False,captured,1521.1,,,False,0
pay_42_00612,order_42_00612,cust_87926,New,478.68,Cards,Bank B,False,captured,1447.6,,,False,0
pay_42_00613,order_42_00613,cust_80400,Returning,282.43,UPI,Bank A,False,captured,910.1,,,False,0
pay_42_00614,order_42_00614,cust_41225,New,2760.27,NetBanking,Bank A,False,captured,2666.9,,,False,0
pay_42_00615,order_42_00615,cust_98877,New,627.12,NetBanking,Bank C,False,captured,4389.5,,,False,0
pay_42_00616,order_42_00616,cust_94585,New,1155.75,UPI,Bank D,False,captured,758.0,,,False,0
pay_42_00617,order_42_00617,cust_59037,New,459.27,UPI,Bank C,False,captured,989.7,,,False,0
pay_42_00618,order_42_00618,cust_54140,Returning,131.55,Cards,Bank B,False,captured,1546.3,,,False,0
pay_42_00619,order_42_00619,cust_87658,New,1064.28,Cards,Bank C,False,captured,1795.8,,,False,0
pay_42_00620,order_42_00620,cust_36393,Returning,120.03,UPI,Bank B,False,captured,902.0,,,False,0
pay_42_00621,order_42_00621,cust_98290,Returning,758.52,UPI,Bank A,False,captured,770.2,,,False,0
pay_42_00622,order_42_00622,cust_62066,New,206.79,UPI,Bank B,False,captured,743.2,,,False,0
pay_42_00623,order_42_00623,cust_26138,VIP,13039.43,UPI,Bank D,True,captured,821.8,,,False,0
pay_42_00624,order_42_00624,cust_88422,New,2021.03,Cards,Bank A,False,captured,1976.4,,,False,0
pay_42_00625,order_42_00625,cust_39086,VIP,1986.66,UPI,Bank C,False,captured,893.0,,,False,0
pay_42_00626,order_42_00626,cust_95610,New,2874.71,UPI,Bank A,False,captured,639.0,,,False,0
pay_42_00627,order_42_00627,cust_63331,Returning,348.52,Cards,Bank B,False,captured,1979.7,,,False,0
pay_42_00628,order_42_00628,cust_63014,Returning,1398.95,UPI,Bank A,False,captured,770.2,,,False,0
pay_42_00629,order_42_00629,cust_53890,New,992.09,UPI,Bank B,False,captured,667.7,,,False,0
pay_42_00630,order_42_00630,cust_85164,Returning,1057.88,Cards,Bank C,False,captured,1146.5,,,False,0
pay_42_00631,order_42_00631,cust_46113,Returning,2899.67,NetBanking,Bank A,False,captured,2935.3,,,False,0
pay_42_00632,order_42_00632,cust_84632,New,1690.01,UPI,Bank C,False,captured,807.1,,,False,0
pay_42_00633,order_42_00633,cust_37499,New,1084.34,UPI,Bank C,False,captured,608.2,,,False,0
pay_42_00634,order_42_00634,cust_51034,Returning,155.26,UPI,Bank D,False,captured,704.5,,,False,0
pay_42_00635,order_42_00635,cust_34596,Returning,311.05,UPI,Bank A,False,captured,808.5,,,False,0
pay_42_00636,order_42_00636,cust_66799,VIP,1580.9,UPI,Bank B,False,captured,787.6,,,False,0
pay_42_00637,order_42_00637,cust_68436,Returning,891.92,UPI,Bank A,False,captured,1115.0,,,False,0
pay_42_00638,order_42_00638,cust_97458,VIP,577.24,UPI,Bank D,False,captured,788.6,,,False,0
pay_42_00639,order_42_00639,cust_56737,Returning,9060.47,UPI,Bank D,False,captured,547.3,,,False,0
pay_42_00640,order_42_00640,cust_69946,New,3701.13,UPI,Bank B,False,captured,822.0,,,False,0
pay_42_00641,order_42_00641,cust_11541,New,1483.44,UPI,Bank C,False,captured,721.7,,,False,0
pay_42_00642,order_42_00642,cust_10769,Returning,873.09,UPI,Bank B,False,captured,1189.1,,,False,0
pay_42_00643,order_42_00643,cust_12972,Returning,657.07,UPI,Bank B,False,captured,970.6,,,False,0
pay_42_00644,order_42_00644,cust_49339,New,313.59,UPI,Bank A,False,captured,752.7,,,False,0
pay_42_00645,order_42_00645,cust_52399,New,877.85,NetBanking,Bank C,False,captured,3080.9,,,False,0
pay_42_00646,order_42_00646,cust_86631,VIP,2312.79,UPI,Bank A,False,captured,697.8,,,False,0
pay_42_00647,order_42_00647,cust_73767,Returning,234.68,Cards,Bank C,False,captured,2090.3,,,False,0
pay_42_00648,order_42_00648,cust_36739,New,1134.76,Cards,Bank C,False,captured,1816.1,,,False,0
pay_42_00649,order_42_00649,cust_63019,Returning,695.58,UPI,Bank C,False,captured,945.7,,,False,0
pay_42_00650,order_42_00650,cust_94085,New,120.57,UPI,Bank A,False,captured,502.2,,,False,0
pay_42_00651,order_42_00651,cust_17642,New,343.65,UPI,Bank A,False,captured,773.7,,,False,0
pay_42_00652,order_42_00652,cust_64712,New,537.21,UPI,Bank A,False,captured,822.7,,,False,0
pay_42_00653,order_42_00653,cust_29462,New,5365.19,Cards,Bank B,False,captured,1277.6,,,False,0
pay_42_00654,order_42_00654,cust_12523,Returning,1417.36,UPI,Bank A,False,captured,664.8,,,False,0
pay_42_00655,order_42_00655,cust_85828,New,213.69,UPI,Bank D,False,captured,890.5,,,False,0
pay_42_00656,order_42_00656,cust_23163,Returning,1320.86,UPI,Bank B,False,captured,722.3,,,False,0
pay_42_00657,order_42_00657,cust_56057,Returning,172.9,UPI,Bank A,False,captured,998.8,,,False,0
pay_42_00658,order_42_00658,cust_12413,New,2398.72,Cards,Bank B,False,captured,1496.0,,,False,0
pay_42_00659,order_42_00659,cust_12105,Returning,507.18,UPI,Bank B,False,captured,524.7,,,False,0
pay_42_00660,order_42_00660,cust_89731,Returning,739.79,UPI,Bank B,False,captured,400.5,,,False,0
pay_42_00661,order_42_00661,cust_74280,Returning,3058.86,Wallets,Bank B,False,captured,901.6,,,False,0
pay_42_00662,order_42_00662,cust_73079,New,224.27,Cards,Bank D,False,captured,1412.8,,,False,0
pay_42_00663,order_42_00663,cust_96339,Returning,200.91,UPI,Bank B,False,captured,778.5,,,False,0
pay_42_00664,order_42_00664,cust_87806,Returning,453.23,UPI,Bank D,False,captured,1121.8,,,False,0
pay_42_00665,order_42_00665,cust_32301,New,2294.75,UPI,Bank C,False,failed,934.2,INSUFFICIENT_FUNDS,Customer account has insufficient funds,False,0
pay_42_00666,order_42_00666,cust_64703,New,177.8,UPI,Bank A,False,captured,593.0,,,False,0
pay_42_00667,order_42_00667,cust_38469,Returning,50.0,UPI,Bank D,False,captured,813.2,,,False,0
pay_42_00668,order_42_00668,cust_13293,Returning,517.41,UPI,Bank A,False,captured,742.2,,,False,0
pay_42_00669,order_42_00669,cust_67089,New,1410.56,UPI,Bank C,False,captured,932.1,,,False,0
pay_42_00670,order_42_00670,cust_97908,Returning,2697.99,UPI,Bank B,False,captured,985.3,,,False,0
pay_42_00671,order_42_00671,cust_61040,New,511.24,NetBanking,Bank C,False,captured,3113.0,,,False,0
pay_42_00672,order_42_00672,cust_22178,Returning,538.38,UPI,Bank C,False,captured,742.1,,,False,0
pay_42_00673,order_42_00673,cust_32784,New,2575.76,UPI,Bank C,False,captured,865.2,,,False,0
pay_42_00674,order_42_00674,cust_82388,Returning,125.24,UPI,Bank C,False,captured,662.4,,,False,0
pay_42_00675,order_42_00675,cust_25111,New,550.86,Wallets,Bank A,False,captured,1020.6,,,False,0
pay_42_00676,order_42_00676,cust_77313,New,982.82,UPI,Bank A,False,captured,792.3,,,False,0
pay_42_00677,order_42_00677,cust_90308,New,1273.11,UPI,Bank B,False,captured,875.5,,,False,0
pay_42_00678,order_42_00678,cust_93245,New,487.94,Wallets,Bank A,False,captured,1081.8,,,False,0
pay_42_00679,order_42_00679,cust_69055,Returning,840.87,NetBanking,Bank C,False,captured,2594.7,,,False,0
pay_42_00680,order_42_00680,cust_46901,New,67.47,Cards,Bank A,False,captured,1581.9,,,False,0
pay_42_00681,order_42_00681,cust_39092,Returning,420.63,UPI,Bank D,False,captured,375.6,,,False,0
pay_42_00682,order_42_00682,cust_28302,New,1278.58,UPI,Bank B,False,captured,579.2,,,False,0
pay_42_00683,order_42_00683,cust_61507,New,304.21,Cards,Bank C,False,captured,1387.8,,,False,0
pay_42_00684,order_42_00684,cust_33664,New,861.77,NetBanking,Bank A,False,captured,2742.1,,,False,0
pay_42_00685,order_42_00685,cust_43172,New,1270.13,UPI,Bank C,False,captured,970.9,,,False,0
pay_42_00686,order_42_00686,cust_96130,New,576.77,UPI,Bank D,False,captured,716.0,,,False,0
pay_42_00687,order_42_00687,cust_26448,New,963.4,UPI,Bank B,False,captured,762.5,,,False,0
pay_42_00688,order_42_00688,cust_10968,Returning,310.22,Cards,Bank B,False,captured,1759.9,,,False,0
pay_42_00689,order_42_00689,cust_45010,New,660.76,UPI,Bank C,False,captured,684.9,,,False,0
pay_42_00690,order_42_00690,cust_40936,Returning,1495.5,UPI,Bank A,False,captured,917.0,,,False,0
pay_42_00691,order_42_00691,cust_47493,Returning,950.49,UPI,Bank B,False,captured,857.5,,,False,0
pay_42_00692,order_42_00692,cust_27207,New,451.9,UPI,Bank B,False,captured,719.2,,,False,0
pay_42_00693,order_42_00693,cust_90771,Returning,1016.6,UPI,Bank A,False,captured,560.3,,,False,0
pay_42_00694,order_42_00694,cust_15534,VIP,3652.13,UPI,Bank B,False,captured,843.4,,,False,0
pay_42_00695,order_42_00695,cust_45670,Returning,104.59,Cards,Bank A,False,captured,2010.6,,,False,0
pay_42_00696,order_42_00696,cust_91335,Returning,2589.12,UPI,Bank A,False,captured,689.9,,,False,0
pay_42_00697,order_42_00697,cust_97132,New,580.42,UPI,Bank A,False,captured,778.8,,,False,0
pay_42_00698,order_42_00698,cust_35032,Returning,1243.26,UPI,Bank D,False,captured,756.9,,,False,0
pay_42_00699,order_42_00699,cust_51964,Returning,2689.87,UPI,Bank B,False,captured,1023.6,,,False,0
pay_42_00700,order_42_00700,cust_66747,Returning,206.09,UPI,Bank D,False,captured,647.8,,,False,0
pay_42_00701,order_42_00701,cust_81820,VIP,879.2,UPI,Bank B,False,captured,701.2,,,False,0
pay_42_00702,order_42_00702,cust_60830,New,608.78,UPI,Bank A,False,captured,595.5,,,False,0
pay_42_00703,order_42_00703,cust_93488,New,371.02,UPI,Bank B,False,captured,908.9,,,False,0
pay_42_00704,order_42_00704,cust_38615,Returning,4605.18,UPI,Bank B,False,captured,873.7,,,False,0
pay_42_00705,order_42_00705,cust_25629,Returning,344.89,Wallets,Bank A,False,captured,1078.0,,,False,0
pay_42_00706,order_42_00706,cust_30842,New,466.12,UPI,Bank B,False,captured,909.7,,,False,0
pay_42_00707,order_42_00707,cust_78906,New,996.64,Cards,Bank A,False,captured,1961.5,,,False,0
pay_42_00708,order_42_00708,cust_62772,New,244.17,UPI,Bank B,False,captured,1127.8,,,False,0
pay_42_00709,order_42_00709,cust_18789,New,546.93,Cards,Bank C,False,captured,1594.0,,,False,0
pay_42_00710,order_42_00710,cust_57085,Returning,1115.94,Cards,Bank A,False,captured,1748.9,,,False,0
pay_42_00711,order_42_00711,cust_91099,Returning,582.39,UPI,Bank A,False,captured,678.1,,,False,0
pay_42_00712,order_42_00712,cust_99494,New,739.97,UPI,Bank C,False,captured,797.8,,,False,0
pay_42_00713,order_42_00713,cust_33932,New,478.51,UPI,Bank B,False,captured,529.8,,,False,0
pay_42_00714,order_42_00714,cust_48931,New,178.67,UPI,Bank A,False,captured,909.4,,,False,0
pay_42_00715,order_42_00715,cust_28807,New,1120.57,NetBanking,Bank D,False,failed,3375.6,GATEWAY_TIMEOUT,Payment gateway response timed out after 5000ms,True,0
pay_42_00716,order_42_00716,cust_80248,Returning,4698.19,Cards,Bank A,False,captured,1435.0,,,False,0
pay_42_00717,order_42_00717,cust_95435,VIP,1820.49,Wallets,Bank C,False,captured,698.1,,,False,0
pay_42_00718,order_42_00718,cust_95929,Returning,1017.66,UPI,Bank D,False,captured,754.2,,,False,0
pay_42_00719,order_42_00719,cust_56936,New,1624.12,Cards,Bank A,False,captured,2114.1,,,False,0
pay_42_00720,order_42_00720,cust_38074,Returning,228.3,NetBanking,Bank A,False,captured,3612.5,,,False,0
pay_42_00721,order_42_00721,cust_59377,Returning,4458.26,UPI,Bank A,False,captured,897.9,,,False,0
pay_42_00722,order_42_00722,cust_46495,Returning,994.59,UPI,Bank A,False,captured,734.4,,,False,0
pay_42_00723,order_42_00723,cust_40815,Returning,4154.12,Cards,Bank A,False,captured,1312.3,,,False,0
pay_42_00724,order_42_00724,cust_43161,New,390.32,UPI,Bank C,False,captured,599.1,,,False,0
pay_42_00725,order_42_00725,cust_19716,New,5004.35,Cards,Bank A,False,captured,1791.1,,,False,0
pay_42_00726,order_42_00726,cust_78921,New,1763.68,UPI,Bank B,False,captured,850.2,,,False,0
pay_42_00727,order_42_00727,cust_17213,New,1412.39,Cards,Bank D,False,captured,2243.4,,,False,0
pay_42_00728,order_42_00728,cust_14134,New,1026.62,UPI,Bank C,False,captured,652.0,,,False,0
pay_42_00729,order_42_00729,cust_83889,Returning,633.63,UPI,Bank B,False,captured,927.7,,,False,0
pay_42_00730,order_42_00730,cust_44731,Returning,2698.72,UPI,Bank A,False,captured,797.4,,,False,0
pay_42_00731,order_42_00731,cust_76425,Returning,934.83,Cards,Bank B,False,captured,1951.5,,,False,0
pay_42_00732,order_42_00732,cust_91542,New,113.63,Cards,Bank B,False,captured,1253.8,,,False,0
pay_42_00733,order_42_00733,cust_20940,VIP,584.8,UPI,Bank B,False,captured,694.1,,,False,0
pay_42_00734,order_42_00734,cust_11067,VIP,1484.17,UPI,Bank A,False,captured,725.0,,,False,0
pay_42_00735,order_42_00735,cust_71597,Returning,1107.65,NetBanking,Bank C,False,captured,3148.7,,,False,0
pay_42_00736,order_42_00736,cust_77262,VIP,1688.96,UPI,Bank B,False,captured,685.0,,,False,0
pay_42_00737,order_42_00737,cust_67225,Returning,2748.94,Cards,Bank A,False,captured,1820.4,,,False,0
pay_42_00738,order_42_00738,cust_92606,VIP,254.01,UPI,Bank B,False,captured,1010.8,,,False,0
pay_42_00739,order_42_00739,cust_59508,New,937.85,UPI,Bank B,False,captured,763.8,,,False,0
pay_42_00740,order_42_00740,cust_96338,New,131.9,UPI,Bank C,False,captured,909.2,,,False,0
pay_42_00741,order_42_00741,cust_82178,New,1736.65,UPI,Bank C,False,captured,1132.3,,,False,0
pay_42_00742,order_42_00742,cust_58367,New,739.18,Cards,Bank C,False,captured,1919.5,,,False,0
pay_42_00743,order_42_00743,cust_23231,New,1235.97,UPI,Bank A,False,captured,788.0,,,False,0
pay_42_00744,order_42_00744,cust_19964,Returning,342.45,UPI,Bank B,False,captured,752.9,,,False,0
pay_42_00745,order_42_00745,cust_92797,Returning,2920.37,NetBanking,Bank B,False,captured,3357.2,,,False,0
pay_42_00746,order_42_00746,cust_85379,Returning,2302.44,UPI,Bank A,False,captured,711.8,,,False,0
pay_42_00747,order_42_00747,cust_45454,New,1456.14,UPI,Bank A,False,captured,592.7,,,False,0
pay_42_00748,order_42_00748,cust_92886,Returning,713.71,NetBanking,Bank C,False,captured,3474.6,,,False,0
pay_42_00749,order_42_00749,cust_98074,Returning,1450.78,Cards,Bank A,False,captured,1808.7,,,False,0
pay_42_00750,order_42_00750,cust_78827,New,400.66,UPI,Bank B,False,captured,813.5,,,False,0
pay_42_00751,order_42_00751,cust_48889,Returning,1911.33,NetBanking,Bank A,False,captured,3067.7,,,False,0
pay_42_00752,order_42_00752,cust_29768,New,4227.99,Cards,Bank A,False,captured,2204.5,,,False,0
pay_42_00753,order_42_00753,cust_85622,New,2369.92,UPI,Bank A,False,captured,906.8,,,False,0
pay_42_00754,order_42_00754,cust_52406,VIP,861.65,UPI,Bank D,False,captured,724.5,,,False,0
pay_42_00755,order_42_00755,cust_25764,New,1166.1,Cards,Bank C,False,captured,2479.0,,,False,0
pay_42_00756,order_42_00756,cust_95501,Returning,222.93,Cards,Bank D,False,captured,2110.2,,,False,0
pay_42_00757,order_42_00757,cust_26956,Returning,1439.99,UPI,Bank B,False,captured,738.9,,,False,0
pay_42_00758,order_42_00758,cust_48674,Returning,1274.87,NetBanking,Bank A,False,captured,3199.5,,,False,0
pay_42_00759,order_42_00759,cust_27733,New,125.23,Cards,Bank B,False,captured,2132.2,,,False,0
pay_42_00760,order_42_00760,cust_51152,New,254.22,UPI,Bank B,False,captured,794.1,,,False,0
pay_42_00761,order_42_00761,cust_58137,New,612.08,UPI,Bank C,False,captured,536.8,,,False,0
pay_42_00762,order_42_00762,cust_83664,Returning,601.33,UPI,Bank A,False,captured,510.4,,,False,0
pay_42_00763,order_42_00763,cust_94433,New,242.38,Cards,Bank B,False,captured,1597.7,,,False,0
pay_42_00764,order_42_00764,cust_68876,New,1198.68,UPI,Bank A,False,captured,894.3,,,False,0
pay_42_00765,order_42_00765,cust_15622,VIP,2298.31,UPI,Bank A,False,captured,746.4,,,False,0
pay_42_00766,order_42_00766,cust_97700,Returning,668.96,Cards,Bank C,False,captured,1497.1,,,False,0
pay_42_00767,order_42_00767,cust_89332,New,381.54,NetBanking,Bank B,False,captured,3487.4,,,False,0
pay_42_00768,order_42_00768,cust_90141,Returning,2318.57,UPI,Bank B,False,captured,983.9,,,False,0
pay_42_00769,order_42_00769,cust_57952,Returning,4253.12,Cards,Bank B,False,captured,1563.9,,,False,0
pay_42_00770,order_42_00770,cust_47276,New,500.92,UPI,Bank B,False,captured,832.8,,,False,0
pay_42_00771,order_42_00771,cust_64615,New,440.47,Cards,Bank C,False,captured,1666.1,,,False,0
pay_42_00772,order_42_00772,cust_76133,Returning,1327.71,UPI,Bank C,False,captured,1118.3,,,False,0
pay_42_00773,order_42_00773,cust_16256,Returning,567.91,UPI,Bank D,False,captured,806.0,,,False,0
pay_42_00774,order_42_00774,cust_82090,Returning,706.7,Cards,Bank C,False,captured,1609.4,,,False,0
pay_42_00775,order_42_00775,cust_99922,New,1702.16,UPI,Bank A,False,captured,793.8,,,False,0
pay_42_00776,order_42_00776,cust_40255,New,120.38,UPI,Bank C,False,captured,954.4,,,False,0
pay_42_00777,order_42_00777,cust_53019,New,3036.02,Cards,Bank B,False,captured,1698.9,,,False,0
pay_42_00778,order_42_00778,cust_20416,New,873.65,Cards,Bank A,False,captured,1879.2,,,False,0
pay_42_00779,order_42_00779,cust_34406,New,538.35,Cards,Bank C,False,captured,1753.3,,,False,0
pay_42_00780,order_42_00780,cust_88025,New,743.05,Cards,Bank A,False,captured,2148.0,,,False,0
pay_42_00781,order_42_00781,cust_96907,Returning,782.45,UPI,Bank D,False,captured,724.1,,,False,0
pay_42_00782,order_42_00782,cust_26406,VIP,316.48,UPI,Bank B,False,captured,908.7,,,False,0
pay_42_00783,order_42_00783,cust_36872,Returning,3622.57,UPI,Bank B,False,captured,809.2,,,False,0
pay_42_00784,order_42_00784,cust_25438,Returning,846.68,UPI,Bank C,False,captured,843.6,,,False,0
pay_42_00785,order_42_00785,cust_28482,New,1265.22,NetBanking,Bank C,False,captured,2946.5,,,False,0
pay_42_00786,order_42_00786,cust_23026,VIP,4628.59,UPI,Bank B,False,captured,836.3,,,False,0
pay_42_00787,order_42_00787,cust_15435,New,292.61,UPI,Bank B,False,captured,511.8,,,False,0
pay_42_00788,order_42_00788,cust_15574,VIP,2869.6,UPI,Bank A,False,captured,769.1,,,False,0
pay_42_00789,order_42_00789,cust_11587,VIP,1367.6,NetBanking,Bank B,False,captured,2913.8,,,False,0
pay_42_00790,order_42_00790,cust_81319,Returning,1894.61,UPI,Bank A,False,captured,913.4,,,False,0
pay_42_00791,order_42_00791,cust_48174,VIP,212.99,UPI,Bank C,False,captured,813.0,,,False,0
pay_42_00792,order_42_00792,cust_46069,Returning,735.76,UPI,Bank B,False,captured,680.6,,,False,0
pay_42_00793,order_42_00793,cust_21586,New,444.6,Cards,Bank C,False,captured,1850.3,,,False,0
pay_42_00794,order_42_00794,cust_80793,New,1251.71,UPI,Bank A,False,captured,799.2,,,False,0
pay_42_00795,order_42_00795,cust_19777,Returning,1299.9,NetBanking,Bank A,False,captured,2753.2,,,False,0
pay_42_00796,order_42_00796,cust_84327,New,400.36,NetBanking,Bank C,False,captured,2525.5,,,False,0
pay_42_00797,order_42_00797,cust_98147,Returning,398.55,UPI,Bank A,False,captured,753.7,,,False,0
pay_42_00798,order_42_00798,cust_73620,VIP,1600.05,Cards,Bank A,False,captured,1341.9,,,False,0
pay_42_00799,order_42_00799,cust_88113,New,331.41,NetBanking,Bank A,False,captured,2948.3,,,False,0
pay_42_00800,order_42_00800,cust_34124,Returning,1885.57,Cards,Bank D,False,captured,2140.1,,,False,0
pay_42_00801,order_42_00801,cust_71527,VIP,1235.52,UPI,Bank C,False,captured,722.2,,,False,0
pay_42_00802,order_42_00802,cust_22055,VIP,110.0,UPI,Bank B,False,captured,994.4,,,False,0
pay_42_00803,order_42_00803,cust_54484,VIP,1228.61,Cards,Bank A,False,captured,1659.9,,,False,0
pay_42_00804,order_42_00804,cust_39377,Returning,287.57,UPI,Bank A,False,captured,1090.9,,,False,0
pay_42_00805,order_42_00805,cust_52733,VIP,349.74,Cards,Bank C,False,captured,2186.2,,,False,0
pay_42_00806,order_42_00806,cust_44332,Returning,235.7,NetBanking,Bank C,False,captured,3375.9,,,False,0
pay_42_00807,order_42_00807,cust_58825,New,906.33,NetBanking,Bank A,False,captured,3461.9,,,False,0
pay_42_00808,order_42_00808,cust_65283,Returning,3067.57,UPI,Bank A,False,captured,559.6,,,False,0
pay_42_00809,order_42_00809,cust_41629,Returning,1111.19,UPI,Bank A,False,captured,682.4,,,False,0
pay_42_00810,order_42_00810,cust_44207,New,442.97,Wallets,Bank C,False,captured,606.6,,,False,0
pay_42_00811,order_42_00811,cust_63632,Returning,1281.65,Cards,Bank C,False,captured,1608.6,,,False,0
pay_42_00812,order_42_00812,cust_76205,Returning,513.33,UPI,Bank A,False,captured,968.1,,,False,0
pay_42_00813,order_42_00813,cust_43734,New,405.61,NetBanking,Bank A,False,captured,2937.9,,,False,0
pay_42_00814,order_42_00814,cust_13632,Returning,256.12,NetBanking,Bank A,False,captured,2451.9,,,False,0
pay_42_00815,order_42_00815,cust_71779,Returning,140.92,UPI,Bank D,False,captured,662.3,,,False,0
pay_42_00816,order_42_00816,cust_34003,Returning,550.09,UPI,Bank A,False,captured,1102.1,,,False,0
pay_42_00817,order_42_00817,cust_44815,New,951.51,UPI,Bank C,False,captured,884.3,,,False,0
pay_42_00818,order_42_00818,cust_40408,New,737.58,UPI,Bank B,False,captured,928.7,,,False,0
pay_42_00819,order_42_00819,cust_25407,New,535.95,UPI,Bank B,False,captured,883.0,,,False,0
pay_42_00820,order_42_00820,cust_96912,VIP,694.17,Cards,Bank A,False,captured,1349.9,,,False,0
pay_42_00821,order_42_00821,cust_10486,New,1492.56,UPI,Bank A,False,captured,748.0,,,False,0
pay_42_00822,order_42_00822,cust_86349,Returning,217.65,UPI,Bank B,False,captured,759.1,,,False,0
pay_42_00823,order_42_00823,cust_18572,New,1765.22,UPI,Bank C,False,captured,985.1,,,False,0
pay_42_00824,order_42_00824,cust_52487,New,298.21,UPI,Bank B,False,captured,573.5,,,False,0
pay_42_00825,order_42_00825,cust_87400,Returning,382.82,NetBanking,Bank B,False,captured,3089.7,,,False,0
pay_42_00826,order_42_00826,cust_66866,Returning,187.39,UPI,Bank A,False,captured,631.6,,,False,0
pay_42_00827,order_42_00827,cust_41113,New,492.06,UPI,Bank D,False,captured,772.6,,,False,0
pay_42_00828,order_42_00828,cust_82232,New,2154.5,Cards,Bank C,False,captured,1317.1,,,False,0
pay_42_00829,order_42_00829,cust_80199,New,1360.53,UPI,Bank A,False,captured,695.4,,,False,0
pay_42_00830,order_42_00830,cust_63472,Returning,2161.21,UPI,Bank D,False,failed,838.4,GATEWAY_TIMEOUT,Payment gateway response timed out after 5000ms,True,0
pay_42_00831,order_42_00831,cust_14677,Returning,1369.42,UPI,Bank B,False,captured,979.0,,,False,0
pay_42_00832,order_42_00832,cust_70148,New,269.44,UPI,Bank B,False,captured,1133.6,,,False,0
pay_42_00833,order_42_00833,cust_44457,New,583.6,UPI,Bank C,False,captured,1045.6,,,False,0
pay_42_00834,order_42_00834,cust_55771,New,372.34,UPI,Bank C,False,captured,814.7,,,False,0
pay_42_00835,order_42_00835,cust_47289,VIP,6761.72,UPI,Bank C,False,captured,523.3,,,False,0
pay_42_00836,order_42_00836,cust_71716,VIP,540.05,NetBanking,Bank A,False,captured,2672.4,,,False,0
pay_42_00837,order_42_00837,cust_86675,New,1985.64,UPI,Bank A,False,captured,838.6,,,False,0
pay_42_00838,order_42_00838,cust_49291,Returning,1984.17,UPI,Bank D,False,captured,697.9,,,False,0
pay_42_00839,order_42_00839,cust_67888,New,5062.52,Cards,Bank A,False,captured,1339.0,,,False,0
pay_42_00840,order_42_00840,cust_56144,New,539.32,UPI,Bank B,False,captured,991.2,,,False,0
pay_42_00841,order_42_00841,cust_23444,Returning,1656.27,Cards,Bank B,False,captured,1859.3,,,False,0
pay_42_00842,order_42_00842,cust_48383,VIP,17502.68,UPI,Bank B,True,captured,528.9,,,False,0
pay_42_00843,order_42_00843,cust_91552,VIP,963.73,Wallets,Bank B,False,captured,850.5,,,False,0
pay_42_00844,order_42_00844,cust_65612,Returning,175.03,UPI,Bank D,False,captured,696.5,,,False,0
pay_42_00845,order_42_00845,cust_49710,New,123.96,UPI,Bank A,False,captured,806.3,,,False,0
pay_42_00846,order_42_00846,cust_16853,Returning,1656.91,UPI,Bank A,False,captured,837.8,,,False,0
pay_42_00847,order_42_00847,cust_28320,New,123.58,Wallets,Bank A,False,captured,1127.0,,,False,0
pay_42_00848,order_42_00848,cust_13203,Returning,559.86,UPI,Bank C,False,captured,957.7,,,False,0
pay_42_00849,order_42_00849,cust_92809,New,1258.04,UPI,Bank B,False,captured,885.4,,,False,0
pay_42_00850,order_42_00850,cust_10801,Returning,977.67,UPI,Bank A,False,captured,864.7,,,False,0
pay_42_00851,order_42_00851,cust_19969,New,1243.2,Cards,Bank C,False,failed,2021.9,INSUFFICIENT_FUNDS,Customer account has insufficient funds,False,0
pay_42_00852,order_42_00852,cust_38363,New,1014.64,UPI,Bank C,False,captured,721.3,,,False,0
pay_42_00853,order_42_00853,cust_46145,VIP,6420.96,NetBanking,Bank C,False,failed,3469.4,GATEWAY_TIMEOUT,Payment gateway response timed out after 5000ms,True,0
pay_42_00854,order_42_00854,cust_56404,New,313.46,UPI,Bank D,False,captured,803.7,,,False,0
pay_42_00855,order_42_00855,cust_64437,Returning,412.82,UPI,Bank A,False,captured,667.4,,,False,0
pay_42_00856,order_42_00856,cust_76324,New,375.16,UPI,Bank C,False,captured,638.3,,,False,0
pay_42_00857,order_42_00857,cust_12889,New,1863.46,UPI,Bank B,False,captured,856.6,,,False,0
pay_42_00858,order_42_00858,cust_87470,New,1998.99,UPI,Bank C,False,captured,814.9,,,False,0
pay_42_00859,order_42_00859,cust_17612,New,1275.67,UPI,Bank C,False,captured,1052.5,,,False,0
pay_42_00860,order_42_00860,cust_20095,Returning,2653.13,Cards,Bank C,False,captured,1590.2,,,False,0
pay_42_00861,order_42_00861,cust_28706,New,250.12,UPI,Bank C,False,captured,824.3,,,False,0
pay_42_00862,order_42_00862,cust_54135,VIP,9468.08,UPI,Bank A,False,captured,963.8,,,False,0
pay_42_00863,order_42_00863,cust_41385,Returning,3726.55,UPI,Bank B,False,captured,578.5,,,False,0
pay_42_00864,order_42_00864,cust_33977,New,1695.31,UPI,Bank D,False,captured,867.4,,,False,0
pay_42_00865,order_42_00865,cust_93990,Returning,4826.12,UPI,Bank D,False,captured,750.5,,,False,0
pay_42_00866,order_42_00866,cust_42328,Returning,154.99,UPI,Bank A,False,captured,652.8,,,False,0
pay_42_00867,order_42_00867,cust_99506,Returning,480.85,UPI,Bank A,False,captured,971.2,,,False,0
pay_42_00868,order_42_00868,cust_14922,New,389.43,NetBanking,Bank A,False,captured,4009.0,,,False,0
pay_42_00869,order_42_00869,cust_23541,New,1671.5,NetBanking,Bank C,False,captured,2948.1,,,False,0
pay_42_00870,order_42_00870,cust_69072,Returning,284.25,UPI,Bank C,False,captured,888.0,,,False,0
pay_42_00871,order_42_00871,cust_12486,VIP,3812.16,UPI,Bank A,False,captured,698.8,,,False,0
pay_42_00872,order_42_00872,cust_77853,Returning,3198.82,Cards,Bank B,False,captured,2147.6,,,False,0
pay_42_00873,order_42_00873,cust_25916,New,1628.16,UPI,Bank C,False,captured,817.5,,,False,0
pay_42_00874,order_42_00874,cust_17848,Returning,1078.96,UPI,Bank C,False,captured,790.8,,,False,0
pay_42_00875,order_42_00875,cust_64545,Returning,302.51,UPI,Bank B,False,captured,984.4,,,False,0
pay_42_00876,order_42_00876,cust_21294,Returning,348.33,Cards,Bank B,False,captured,1950.6,,,False,0
pay_42_00877,order_42_00877,cust_19425,New,2834.49,Cards,Bank B,False,captured,1997.1,,,False,0
pay_42_00878,order_42_00878,cust_26091,Returning,1771.09,UPI,Bank A,False,captured,581.5,,,False,0
pay_42_00879,order_42_00879,cust_10002,New,781.32,UPI,Bank B,False,captured,736.8,,,False,0
pay_42_00880,order_42_00880,cust_25037,New,534.91,UPI,Bank C,False,captured,903.2,,,False,0
pay_42_00881,order_42_00881,cust_91867,Returning,107.15,Cards,Bank C,False,captured,1616.1,,,False,0
pay_42_00882,order_42_00882,cust_16791,New,278.42,UPI,Bank B,False,captured,695.4,,,False,0
pay_42_00883,order_42_00883,cust_61883,New,5494.04,UPI,Bank C,False,captured,656.9,,,False,0
pay_42_00884,order_42_00884,cust_19967,New,225.78,Cards,Bank A,False,captured,1395.1,,,False,0
pay_42_00885,order_42_00885,cust_84163,VIP,2160.16,UPI,Bank B,False,captured,1065.2,,,False,0
pay_42_00886,order_42_00886,cust_29971,Returning,2224.85,Cards,Bank A,False,captured,2399.8,,,False,0
pay_42_00887,order_42_00887,cust_59228,New,231.62,UPI,Bank A,False,captured,971.0,,,False,0
pay_42_00888,order_42_00888,cust_91371,Returning,977.22,UPI,Bank C,False,captured,903.4,,,False,0
pay_42_00889,order_42_00889,cust_66176,Returning,2075.41,UPI,Bank D,False,captured,863.5,,,False,0
pay_42_00890,order_42_00890,cust_85133,New,822.62,Cards,Bank A,False,captured,1206.2,,,False,0
pay_42_00891,order_42_00891,cust_83273,Returning,14305.55,NetBanking,Bank B,True,captured,3065.5,,,False,0
pay_42_00892,order_42_00892,cust_17310,Returning,153.15,Cards,Bank C,False,captured,2085.6,,,False,0
pay_42_00893,order_42_00893,cust_94880,Returning,2341.93,UPI,Bank A,False,captured,1152.4,,,False,0
pay_42_00894,order_42_00894,cust_80658,New,683.48,Cards,Bank B,False,captured,1599.7,,,False,0
pay_42_00895,order_42_00895,cust_49994,Returning,1757.98,UPI,Bank C,False,captured,913.2,,,False,0
pay_42_00896,order_42_00896,cust_66565,Returning,1263.08,UPI,Bank B,False,captured,977.6,,,False,0
pay_42_00897,order_42_00897,cust_21595,New,390.27,NetBanking,Bank A,False,captured,3718.1,,,False,0
pay_42_00898,order_42_00898,cust_45645,New,1021.47,UPI,Bank B,False,captured,593.9,,,False,0
pay_42_00899,order_42_00899,cust_97310,New,126.74,UPI,Bank C,False,captured,945.1,,,False,0
pay_42_00900,order_42_00900,cust_63175,New,1485.12,UPI,Bank B,False,captured,864.6,,,False,0
pay_42_00901,order_42_00901,cust_27323,Returning,1094.62,UPI,Bank A,False,captured,608.6,,,False,0
pay_42_00902,order_42_00902,cust_22213,New,1538.65,UPI,Bank C,False,captured,1037.2,,,False,0
pay_42_00903,order_42_00903,cust_56930,New,2340.5,UPI,Bank A,False,captured,739.0,,,False,0
pay_42_00904,order_42_00904,cust_89944,Returning,1173.35,UPI,Bank C,False,captured,824.8,,,False,0
pay_42_00905,order_42_00905,cust_78950,New,942.08,NetBanking,Bank A,False,captured,2509.0,,,False,0
pay_42_00906,order_42_00906,cust_87116,VIP,740.55,Cards,Bank D,False,captured,1648.3,,,False,0
pay_42_00907,order_42_00907,cust_94629,New,398.53,UPI,Bank B,False,captured,976.5,,,False,0
pay_42_00908,order_42_00908,cust_57598,New,2661.74,UPI,Bank A,False,captured,671.2,,,False,0
pay_42_00909,order_42_00909,cust_82258,New,3416.38,UPI,Bank A,False,captured,873.4,,,False,0
pay_42_00910,order_42_00910,cust_25928,New,640.27,UPI,Bank A,False,captured,931.6,,,False,0
pay_42_00911,order_42_00911,cust_44416,New,850.65,UPI,Bank C,False,captured,884.4,,,False,0
pay_42_00912,order_42_00912,cust_47134,Returning,328.78,Cards,Bank D,False,captured,2233.8,,,False,0
pay_42_00913,order_42_00913,cust_90758,VIP,5774.54,UPI,Bank B,False,captured,650.1,,,False,0
pay_42_00914,order_42_00914,cust_79672,New,1580.37,UPI,Bank B,False,captured,688.1,,,False,0
pay_42_00915,order_42_00915,cust_99110,Returning,5660.22,UPI,Bank C,False,captured,700.8,,,False,0
pay_42_00916,order_42_00916,cust_72363,Returning,337.54,UPI,Bank C,False,captured,967.8,,,False,0
pay_42_00917,order_42_00917,cust_83535,Returning,556.68,NetBanking,Bank B,False,captured,3206.5,,,False,0
pay_42_00918,order_42_00918,cust_86850,New,1023.97,Cards,Bank B,False,captured,1899.4,,,False,0
pay_42_00919,order_42_00919,cust_64951,New,1550.74,UPI,Bank B,False,captured,1042.7,,,False,0
pay_42_00920,order_42_00920,cust_20435,New,654.8,NetBanking,Bank C,False,captured,2836.2,,,False,0
pay_42_00921,order_42_00921,cust_38067,Returning,339.35,UPI,Bank A,False,captured,774.7,,,False,0
pay_42_00922,order_42_00922,cust_67745,Returning,1961.39,NetBanking,Bank B,False,captured,3579.1,,,False,0
pay_42_00923,order_42_00923,cust_89422,New,1670.93,Cards,Bank B,False,failed,1398.0,GATEWAY_TIMEOUT,Payment gateway response timed out after 5000ms,True,0
pay_42_00924,order_42_00924,cust_97359,New,324.97,UPI,Bank C,False,captured,968.9,,,False,0
pay_42_00925,order_42_00925,cust_16449,VIP,6931.98,UPI,Bank A,False,captured,897.3,,,False,0
pay_42_00926,order_42_00926,cust_80320,Returning,2618.09,UPI,Bank B,False,captured,774.1,,,False,0
pay_42_00927,order_42_00927,cust_85591,VIP,2044.18,UPI,Bank B,False,captured,895.8,,,False,0
pay_42_00928,order_42_00928,cust_14725,Returning,879.71,Cards,Bank B,False,captured,1641.6,,,False,0
pay_42_00929,order_42_00929,cust_98207,New,1413.83,UPI,Bank A,False,captured,932.2,,,False,0
pay_42_00930,order_42_00930,cust_25704,Returning,343.19,UPI,Bank B,False,captured,706.3,,,False,0
pay_42_00931,order_42_00931,cust_11195,Returning,837.17,Cards,Bank B,False,captured,2024.1,,,False,0
pay_42_00932,order_42_00932,cust_87198,New,94.41,Wallets,Bank B,False,captured,1258.9,,,False,0
pay_42_00933,order_42_00933,cust_42161,Returning,1951.7,UPI,Bank B,False,captured,658.3,,,False,0
pay_42_00934,order_42_00934,cust_62551,Returning,170.46,UPI,Bank C,False,captured,821.2,,,False,0
pay_42_00935,order_42_00935,cust_24915,New,3653.42,UPI,Bank C,False,captured,787.1,,,False,0
pay_42_00936,order_42_00936,cust_59932,Returning,583.99,UPI,Bank A,False,captured,773.8,,,False,0
pay_42_00937,order_42_00937,cust_11403,Returning,657.43,NetBanking,Bank C,False,captured,3212.6,,,False,0
pay_42_00938,order_42_00938,cust_57829,VIP,954.06,UPI,Bank B,False,captured,812.7,,,False,0
pay_42_00939,order_42_00939,cust_50232,New,609.09,UPI,Bank A,False,captured,734.2,,,False,0
pay_42_00940,order_42_00940,cust_65872,New,3356.09,UPI,Bank A,False,captured,798.9,,,False,0
pay_42_00941,order_42_00941,cust_23739,Returning,67.5,UPI,Bank A,False,captured,830.3,,,False,0
pay_42_00942,order_42_00942,cust_47606,New,2913.08,Cards,Bank C,False,captured,1468.7,,,False,0
pay_42_00943,order_42_00943,cust_54135,Returning,1139.13,Cards,Bank C,False,captured,1449.3,,,False,0
pay_42_00944,order_42_00944,cust_17689,Returning,242.98,UPI,Bank C,False,captured,777.9,,,False,0
pay_42_00945,order_42_00945,cust_96310,New,277.19,UPI,Bank B,False,captured,503.9,,,False,0
pay_42_00946,order_42_00946,cust_79930,Returning,4343.31,UPI,Bank B,False,captured,667.1,,,False,0
pay_42_00947,order_42_00947,cust_87924,Returning,315.61,NetBanking,Bank A,False,captured,3544.7,,,False,0
pay_42_00948,order_42_00948,cust_71756,New,256.38,NetBanking,Bank A,False,captured,3291.9,,,False,0
pay_42_00949,order_42_00949,cust_46821,VIP,5573.46,UPI,Bank B,False,captured,737.8,,,False,0
pay_42_00950,order_42_00950,cust_34853,Returning,1139.74,Cards,Bank A,False,captured,1731.0,,,False,0
pay_42_00951,order_42_00951,cust_66893,Returning,318.01,Cards,Bank A,False,captured,2091.0,,,False,0
pay_42_00952,order_42_00952,cust_89431,Returning,1008.91,UPI,Bank B,False,captured,879.8,,,False,0
pay_42_00953,order_42_00953,cust_65654,Returning,291.27,NetBanking,Bank C,False,captured,2854.8,,,False,0
pay_42_00954,order_42_00954,cust_22638,VIP,5373.74,UPI,Bank D,False,captured,900.7,,,False,0
pay_42_00955,order_42_00955,cust_93106,Returning,2348.12,UPI,Bank D,False,captured,976.8,,,False,0
pay_42_00956,order_42_00956,cust_75888,Returning,1382.99,UPI,Bank B,False,captured,926.4,,,False,0
pay_42_00957,order_42_00957,cust_97122,Returning,1166.38,UPI,Bank B,False,captured,840.7,,,False,0
pay_42_00958,order_42_00958,cust_67450,New,4727.67,UPI,Bank B,False,captured,752.1,,,False,0
pay_42_00959,order_42_00959,cust_16533,Returning,812.15,Cards,Bank C,False,captured,1962.9,,,False,0
pay_42_00960,order_42_00960,cust_68905,New,249.17,UPI,Bank A,False,captured,914.1,,,False,0
pay_42_00961,order_42_00961,cust_21254,New,1273.44,Cards,Bank B,False,captured,1277.1,,,False,0
pay_42_00962,order_42_00962,cust_79306,New,6542.32,UPI,Bank C,False,captured,1107.3,,,False,0
pay_42_00963,order_42_00963,cust_91081,VIP,647.88,UPI,Bank B,False,captured,629.8,,,False,0
pay_42_00964,order_42_00964,cust_10148,Returning,565.97,UPI,Bank B,False,captured,784.0,,,False,0
pay_42_00965,order_42_00965,cust_82914,Returning,1232.06,UPI,Bank B,False,captured,557.1,,,False,0
pay_42_00966,order_42_00966,cust_64544,Returning,769.77,Cards,Bank A,False,captured,1622.3,,,False,0
pay_42_00967,order_42_00967,cust_62204,Returning,304.2,UPI,Bank B,False,captured,1108.8,,,False,0
pay_42_00968,order_42_00968,cust_64238,VIP,5487.98,UPI,Bank A,False,captured,904.1,,,False,0
pay_42_00969,order_42_00969,cust_21009,Returning,8267.11,UPI,Bank A,False,captured,907.5,,,False,0
pay_42_00970,order_42_00970,cust_74610,New,988.44,Cards,Bank A,False,captured,1811.5,,,False,0
pay_42_00971,order_42_00971,cust_50081,New,328.96,NetBanking,Bank C,False,captured,2005.9,,,False,0
pay_42_00972,order_42_00972,cust_62726,Returning,172.61,Cards,Bank A,False,captured,1404.3,,,False,0
pay_42_00973,order_42_00973,cust_57780,Returning,1051.5,UPI,Bank B,False,captured,803.0,,,False,0
pay_42_00974,order_42_00974,cust_32117,New,2450.08,UPI,Bank A,False,captured,777.7,,,False,0
pay_42_00975,order_42_00975,cust_68706,New,1306.58,UPI,Bank D,False,captured,876.3,,,False,0
pay_42_00976,order_42_00976,cust_79918,Returning,810.46,UPI,Bank A,False,captured,713.5,,,False,0
pay_42_00977,order_42_00977,cust_55798,New,450.67,UPI,Bank B,False,captured,689.3,,,False,0
pay_42_00978,order_42_00978,cust_92215,Returning,272.55,UPI,Bank C,False,captured,609.8,,,False,0
pay_42_00979,order_42_00979,cust_92600,VIP,4118.35,UPI,Bank C,False,captured,774.8,,,False,0
pay_42_00980,order_42_00980,cust_55382,New,2025.9,UPI,Bank A,False,captured,976.9,,,False,0
pay_42_00981,order_42_00981,cust_10760,New,173.17,Cards,Bank C,False,captured,2400.8,,,False,0
pay_42_00982,order_42_00982,cust_66921,Returning,3983.19,UPI,Bank B,False,captured,791.7,,,False,0
pay_42_00983,order_42_00983,cust_42535,Returning,1442.41,UPI,Bank B,False,captured,864.1,,,False,0
pay_42_00984,order_42_00984,cust_25863,Returning,3293.13,Cards,Bank A,False,captured,1843.9,,,False,0
pay_42_00985,order_42_00985,cust_20447,VIP,467.0,UPI,Bank A,False,captured,969.5,,,False,0
pay_42_00986,order_42_00986,cust_17928,New,207.3,Cards,Bank C,False,captured,1981.8,,,False,0
pay_42_00987,order_42_00987,cust_35017,Returning,699.97,UPI,Bank B,False,captured,749.5,,,False,0
pay_42_00988,order_42_00988,cust_20973,Returning,1343.17,UPI,Bank B,False,captured,1042.4,,,False,0
pay_42_00989,order_42_00989,cust_45774,Returning,4896.92,Cards,Bank C,False,captured,2047.8,,,False,0
pay_42_00990,order_42_00990,cust_34312,New,1645.96,Cards,Bank C,False,captured,1419.3,,,False,0
pay_42_00991,order_42_00991,cust_30874,Returning,637.35,Cards,Bank A,False,captured,1840.7,,,False,0
pay_42_00992,order_42_00992,cust_88553,Returning,291.09,UPI,Bank B,False,captured,883.4,,,False,0
pay_42_00993,order_42_00993,cust_34714,New,2779.43,UPI,Bank A,False,captured,514.3,,,False,0
pay_42_00994,order_42_00994,cust_67911,New,309.6,UPI,Bank C,False,captured,949.6,,,False,0
pay_42_00995,order_42_00995,cust_23092,Returning,4140.07,UPI,Bank C,False,captured,717.8,,,False,0
pay_42_00996,order_42_00996,cust_72894,New,611.32,NetBanking,Bank D,False,captured,2976.0,,,False,0
pay_42_00997,order_42_00997,cust_88627,New,3986.15,UPI,Bank A,False,captured,617.8,,,False,0
pay_42_00998,order_42_00998,cust_67920,New,1601.88,Wallets,Bank A,False,captured,754.4,,,False,0
pay_42_00999,order_42_00999,cust_10037,Returning,708.4,UPI,Bank A,False,captured,1083.4,,,False,0
